"Filmtitel","Szene","Szenenbeschreibung","Drehort","Drehortbeschreibung","Längengrad (Drehort)","Breitengrad (Drehort)","Szenenort","Längengrad (Szenenort)","Breitengrad (Szenenort)","Zeit im Film (sek)","Zeit (chronologisch)","Figuren","Links","Quelle","Anmerkung",
"Age of Ultron","A2-1A","Die Avengers schalten den Rest von HYDRAs Streitkräften in der Nähe ihrer Heimatbasis in Sokovia aus.","Bourne Woods, Tilford Rd, Farnham, England GU10 3RW, United Kingdom",,"51.19289380732606","-0.7711367791992004","Sokovischer Wald","null","null",00:00:50,2015,"Clint Barton als Hawkeye / Tony Stark als Tony Stark als Iron Man / Steve Rogers als Captain America / Natascha Romanow als Black Widow / The Bruce Banner als Hulk / Thor",,"https://mculocationscout.com/2020/08/09/sokovian-woods-mcu-location-scout/","fiktiver Ort",
"Age of Ultron","A2-1B","HYDRA führt seine Experimente mit Lokis Zepter in einem alten Schloss in Sokovia durch.","Fort Bard, Italy","Die Burg Fort Bard in Italien wurde für die Außenaufnahmen verwendet.","45.608475766257","7.744776327306901","Hydra Basis (außen)","null","null",00:01:51,2015,"Clint Barton als Hawkeye / Pietro Maximoff als Quicksilver",,"https://mculocationscout.com/2020/08/09/hydra-research-facility-sokovia-mcu-location-scout/",,
"Age of Ultron","A2-1C","Bevor die Avengers den HYDRA-Führer Baron Strucker aufhalten können, beginnt er, alle seine Daten über die Experimente, die HYDRA durchgeführt hat, zu löschen.","Dover Castle, United Kingdom","Der Große Turm und die Tunnel unter Dover Castle wurden für die Innenräume der HYDRA-Einrichtung verwendet.","51.12890564175756","1.3233909986225632","Hydra Basis (innen)","null","null",00:02:56,2015,"Clint Barton als Hawkeye / Tony Stark als Tony Stark als Iron Man / Steve Rogers als Captain America / Natascha Romanow als Black Widow / The Bruce Banner als Hulk / Thor / Tony Stark als Tony Stark als Iron Man / Baron Strucker",,"https://mculocationscout.com/2020/08/09/hydra-research-facility-sokovia-mcu-location-scout/",,
"Age of Ultron","A2-1D","Eine Drohne der Iron Legion landet in Sokovia. Die Bewohner wehren sich und bewerfen die Maschinen mit Steinen und Säure.","Aosta Valley, Italy",,"45.59958970115017","7.798214828406501","Sokovische Straße","null","null",00:03:51,2015,,,"https://mculocationscout.com/2020/08/09/novi-grad-square-sokovia-mcu-location-scout/",,
"Age of Ultron","A2-1E","Die Iron Legion kommt, um die Zivilisten während der Bombardierung der Stadt durch HYDRA zu beruhigen.","Lismore Blv, London, United Kingdom","Gedreht wurde im Metropolitan Police Training Centre am Lismore Blv. Auf einer Seite des Ausbildungszentrums stand eine Statue von Sir Robert Peele, die nicht bewegt werden konnte. Auf dieser Seite des Zentrums befanden sich auch die Kulissen für das Rettungsboot und die Brücke. Auf der anderen Seite des Geländes wurden zwei Statuen und ein Kiosk gebaut sowie die Kirche, in der der letzte Kampf zwischen den Avengers und Ultron stattfand.","51.59292396582391","-0.24021191534307765","Novi Grad Square, Sokovia","null","null",00:04:08,2015,,,"https://mculocationscout.com/2020/08/09/novi-grad-square-sokovia-mcu-location-scout/",,
"Age of Ultron","A2-1F","Hawkeye stößt auf einen Bunker. Überraschenderweise bringen seine Pfeile ihn jedoch nicht zur Explosion.","Hawley Lake, Camberley, England GU17 9HT, United Kingdom",,"51.31618303722265","-0.7812704316923468","Sokovischer Wald","null","null",00:05:00,2015,"Clint Barton als Hawkeye / Tony Stark als Tony Stark als Iron Man / Steve Rogers als Captain America / Natascha Romanow als Black Widow / The Bruce Banner als Hulk / Thor",,"https://mculocationscout.com/2020/08/09/sokovian-woods-mcu-location-scout/","fiktiver Ort",
"Age of Ultron","A2-1G","Iron Man deaktiviert das Schutzschild der HYDRA-Basis.","Fort Bard, Italy","Die Burg Fort Bard in Italien wurde für die Außenaufnahmen verwendet.","45.608475766257","7.744776327306901","Hydra Basis (außen)","null","null",00:06:10,2015,"Tony Stark als Tony Stark als Iron Man",,,,
"Age of Ultron","A2-1H","Iron Man versucht die Daten der HDRA zu kopieren.","Dover Castle, United Kingdom","Der Große Turm und die Tunnel unter Dover Castle wurden für die Innenräume der HYDRA-Einrichtung verwendet.","51.12890564175756","1.3233909986225632","Hydra Basis (innen)","null","null",00:07:10,2015,"Tony Stark als Tony Stark als Iron Man",,,,
"Age of Ultron","A2-1I","Der Rest der Avengers kümmert sich um die Soldaten der HYDRA im Wald. Black Widow versucht Hulk zu beruhigen.","Bourne Woods, Tilford Rd, Farnham, England GU10 3RW, United Kingdom",,"51.19289380732606","-0.7711367791992004","Sokovischer Wald","null","null",00:07:40,2015,"Clint Barton als Hawkeye / Steve Rogers als Captain America / Natascha Romanow als Black Widow / Thor",,,,
"Age of Ultron","A2-1J","Während Captain America Strucker überwältigt, dringt Iron Man weiter in die Forschungseinrichtung ein und entdeckt das Zepter.","Shepperton Studios, Studios Road, Shepperton, Surrey, England, UK","Es ist anzunehmen, dass es sich hierbei um Studioaufnahmen handelt.","51.40797670356879","-0.46609220136945423","Hydra Basis (innen)","null","null",00:09:43,2015,"Clint Barton als Hawkeye / Tony Stark als Tony Stark als Iron Man / Steve Rogers als Captain America / Natascha Romanow als Black Widow / The Bruce Banner als Hulk / Thor / Wanda Maximoff als Scarlet Witch / Pietro Maximoff als Quicksilver",,,,
"Age of Ultron","A2-1K","Iron Man wird von Scarlet in eine Halluzination versetzt. In seiner Vision sieht Stark seine Teamkameraden tot, während die Chitauri eine Invasion auf der Erde starten. Als Scarlet Starks Alptraum sieht, lässt sie ihn das Zepter an sich nehmen, bevor sie","Shepperton Studios, Studios Road, Shepperton, Surrey, England, UK","Es ist anzunehmen, dass es sich hierbei um Studioaufnahmen handelt.","51.40797670356879","-0.46609220136945423","Hydra Basis (innen)","null","null",00:11:00,2015,"Clint Barton als Hawkeye / Tony Stark als Tony Stark als Iron Man / Steve Rogers als Captain America / Natascha Romanow als Black Widow / The Bruce Banner als Hulk / Thor / Wanda Maximoff als Scarlet Witch / Pietro Maximoff als Quicksilver",,"https://marvelcinematicuniverse.fandom.com/wiki/Avengers:_Age_of_Ultron#Synopsis",,
"Age of Ultron","A2-2","Die Avengers fliegen in ihrem Quinjet zurück und reden über den Kampf und das Zepter.","Shepperton Studios, Studios Road, Shepperton, Surrey, England, UK","Es ist anzunehmen, dass es sich hierbei um Studioaufnahmen handelt.","51.40797670356879","-0.46609220136945423","Flug über Wolken","null","null",00:12:23,2015,"Clint Barton / Tony Stark / Steve Rogers / Natascha Romanow / Bruce Banner / Thor",,"https://www.imdb.com/title/tt2395427/locations",,
"Age of Ultron","A2-3","Die Avengers landen auf dem Stark-Tower, der ihnen auch als Hauptquartier dient.","200 Park Ave, New York, NY 10166","Tony Stark hat sein Hauptquartier, das von einem autarken ARC-Reaktor angetrieben wird, in der Park Avenue 200, gleich hinter dem Grand Central Terminal (das das MetLife-Gebäude ersetzt). Der Stark-Tower dient in den ersten beiden Avengers-Filmen als Operationsbasis der Avengers, bevor er am Ende von Age of Ultron nach Upstate New York verlegt wird.","40.75344630782818","-73.9766453444253","Stark Turm (außen), New York","40.75344630782818","-73.9766453444253",00:14:33,2015,"Clint Barton / Tony Stark / Steve Rogers / Natascha Romanow / Bruce Banner / Thor",,,,
"Age of Ultron","A2-4","Die Avengers sind im Stark Tower. Tony Stark und Bruce Banner kümmern sich um das Zepter.","Shepperton Studios, Studios Road, Shepperton, Surrey, England, UK","Es ist anzunehmen, dass es sich hierbei um Studioaufnahmen handelt.","51.40797670356879","-0.46609220136945423","Stark Turm (innen)","40.75344630782818","-73.9766453444253",00:15:00,2015,"Clint Barton / Tony Stark / Steve Rogers / Natascha Romanow / Bruce Banner / Thor",,,,
"Age of Ultron","A2-5","Stark und Banner beginnen mit der Untersuchung des Zepters.Sie extrahieren eine künstliche Intelligenz, um sie in Starks geheimem Programm zur Friedenssicherung - ""Ultron"" - einzusetzen.","Shepperton Studios, Studios Road, Shepperton, Surrey, England, UK","Es ist anzunehmen, dass es sich hierbei um Studioaufnahmen handelt.","51.40797670356879","-0.46609220136945423","Stark Turm (innen)","40.75344630782818","-73.9766453444253",00:16:20,2015,"Tony Stark / Bruce Banner",,"https://marvelcinematicuniverse.fandom.com/wiki/Avengers:_Age_of_Ultron#Synopsis",,
"Age of Ultron","A2-6","Während die Avengers eine Party veranstalten, um ihre jüngsten Siege zu feiern, wird plötzlich Ultron aktiviert. Ultron überwältigt JARVIS.",,"Hierbei handelt es sich um reine CGI-Animationen.",,,"leere Datenbank","null","null",00:21:33,2015,,,,,
"Age of Ultron","A2-7A","Die Avengers veranstalten eine Party.","Shepperton Studios, Studios Road, Shepperton, Surrey, England, UK","Es ist anzunehmen, dass es sich hierbei um Studioaufnahmen handelt.","51.40797670356879","-0.46609220136945423","Stark Turm (innen)","40.75344630782818","-73.9766453444253",00:23:11,2015,"Clint Barton / Tony Stark / Steve Rogers / Natascha Romanow / Bruce Banner / Thor",,,,
"Age of Ultron","A2-7B","Ultron zeigt sich den Avengers, um ihnen seinen Plan zu verkünden, „Frieden für unsere Zeit“ herbeizuführen. Es kommt zu einem Kampf.","Shepperton Studios, Studios Road, Shepperton, Surrey, England, UK","Es ist anzunehmen, dass es sich hierbei um Studioaufnahmen handelt.","51.40797670356879","-0.46609220136945423","Stark Turm (innen)","40.75344630782818","-73.9766453444253",00:29:46,2015,"Clint Barton als Hawkeye / Tony Stark als Tony Stark als Iron Man / Steve Rogers als Captain America / Natascha Romanow als Black Widow / The Bruce Banner als Hulk / Thor",,,,
"Age of Ultron","A2-8","Ultron entwischt und die Avengers und überlegen, wie sie Ultron finden können.","Shepperton Studios, Studios Road, Shepperton, Surrey, England, UK","Es ist anzunehmen, dass es sich hierbei um Studioaufnahmen handelt.","51.40797670356879","-0.46609220136945423","Stark Turm (innen)","40.75344630782818","-73.9766453444253",00:32:47,2015,"Clint Barton als Hawkeye / Tony Stark als Tony Stark als Iron Man / Steve Rogers als Captain America / Natascha Romanow als Black Widow / The Bruce Banner als Hulk / Thor",,"https://www.imdb.com/title/tt2395427/locations",,
"Age of Ultron","A2-9","Quicksilver und Scarlet treffen in einer Kirche auf Ultron, der sie rekrutiert. Ultron tötet Strucker und übernimmt die Kontrolle über die HYDRA-Forschungseinrichtung.","Shepperton Studios, Studios Road, Shepperton, Surrey, England, UK","Es ist anzunehmen, dass es sich hierbei um Studioaufnahmen handelt.","51.40797670356879","-0.46609220136945423","Sokovia","null","null",00:36:08,2015,"Ultron / Pietro Maximoff als Quicksilver / Wanda Maximoff als Scarlet Witch",,,,
"Age of Ultron","A2-10","Die Avengers arbeiten im Stark Tower und suchen nach Hinweisen, wo sich Ultron aufhalten könnte.","Shepperton Studios, Studios Road, Shepperton, Surrey, England, UK","Es ist anzunehmen, dass es sich hierbei um Studioaufnahmen handelt.","51.40797670356879","-0.46609220136945423","Stark Turm (innen)","40.75344630782818","-73.9766453444253",00:40:12,2015,"Clint Barton als Hawkeye / Tony Stark als Tony Stark als Iron Man / Steve Rogers als Captain America / Natascha Romanow als Black Widow / The Bruce Banner als Hulk / Thor",,,,
"Age of Ultron","A2-11","Ultron und die Zwillinge reisen nach Südafrika, um von dem Waffenhändler Ulysses Klaue Vibranium zu erwerben. Stark vermutet das, sodass die Avengers ebenfalls dorthin reisen.","Dhaka Trunk Road, Road, Chowdhury Ghata, Shitulpur, Dhaka - Chittagong Hwy, 4310, Bangladesh","Eine reale Bergungswerft, die Sagarika Ship Breaking Industry in Bangladesch, Indien, diente als Hintergrundkulisse für diese Sequenz.","22.467331794424847","91.72298950794153","Salvage Yard, Südafrikanische Küste","null","null",00:42:00,2015,"Ultron / Pietro Maximoff als Quicksilver / Wanda Maximoff als Scarlet Witch",,"https://mculocationscout.com/2020/08/09/salvage-yard-african-coast-mcu-location-scout/",,
"Age of Ultron","A2-12","In dem Boot, in dem Klaue sich eingerichtet hat, versuchen die Avengers, Ultron daran zu hindern, sich mit einer Menge Vibranium davonzumachen.","Surrey Quays Rd, London SE16 7PJ, Vereinigtes Königreich","Das Gebäude der Harmsworth Quay Printworks in London für die Innenausstattung des Schiffes genutzt.","51.49768981818161","-0.04364928609393067","Salvage Yard, Südafrikanische Küste","null","null",00:42:20,2015,"Klaue / Wanda Maximoff als Scarlet Witch / Pietro Maximoff als Quicksilver / Ultron / Thor / Steve Rogers als Captain America / Tony Stark als Tony Stark als Iron Man / Natascha Romanow als Black Widow / Clint Barton als Hawkeye",,"https://mculocationscout.com/2020/08/09/salvage-yard-african-coast-mcu-location-scout/",,
"Age of Ultron","A2-13","Scarlet verhext Thor. Seine Vision führt ihn nach Asgard, wo er eine düstere Prophezeiung von seinem Freund Heimdall hört.","Church of St Bartholomew the Great, West Smithfield, London EC1","Die Kirche St. Bartholomäus der Große taucht in Thors Vision als Asgardische Halle auf.","51.51915624869021","-0.0997950084978133","Asgardische Halle","null","null",00:48:53,2015,"Thor / Heimdall",,"https://movie-locations.com/movies/a/Avengers-Age-Of-Ultron.php#11th",,"Längengrad Szenenort Koordinaten (float)"
"Age of Ultron","A2-14","Verhext von Scarlet hat Black Widow einen Flashback zurück in ihre Zeit im Red Room.","Mansion Dr, Tring HP23 5LX, United Kingdom","Die Tring Park School for the Performing Arts diente in Black Widows Vision als Schauplatz des Herrenhauses.","51.79188590785181","-0.6575097301941768","Red Room","null","null",00:49:37,2015,"Natascha Romanow als Black Widow",,,,
"Age of Ultron","A2-15","Captain Americas Vision führt ihn in die Vergangenheit in einen Tanzsaal, wo er die Gelegenheit erhält, mit Peggy Carter zu tanzen.","350 Brockley Rd, London SE4 2BY, United Kingdom","Diese Szene wurde im Rivoli Ballroom gedreht.","51.45532794618128","-0.037059526503088414","Ballsaal","null","null",00:50:13,2015,"Steve Rogers als Captain America / Peggy Carter",,"https://mculocationscout.com/2020/08/09/ballroom-captain-americas-vision-mcu-location-scout/",,
"Age of Ultron","A2-16","Während die Hälfte der Avengers von Scarlet verhext wird, kämpft Iron Man mit Ultrons Armee und Bruce Banner hält sich im Quinjet auf.","Dhaka Trunk Road, Road, Chowdhury Ghata, Shitulpur, Dhaka - Chittagong Hwy, 4310, Bangladesh",,"22.467331794424847","91.72298950794153","Salvage Yard, Südafrikanische Küste","null","null",00:52:22,2015,"Wanda Maximoff als Scarlet Witch / Pietro Maximoff als Quicksilver / Tony Stark als Tony Stark als Iron Man /Bruce Banner / Ultron",,,,
"Age of Ultron","A2-17","Bruce Banner verwandelt sich in Hulk, nachdem er von Scarlet verhext wurde, und randaliert in Johannesburg, Südafrika.","2 Highlands St, Highlands, Johannesburg, 2198, South Africa","Hulk beginnt am Yeoville Hill in den Overlook Highlands, bevor er in die Stadt hinabwüstet.","-26.188770411740677","28.06181791534308","Johannesburg, Südafrika","-26.201401510362544","28.047233843002143",00:52:55,2015,"The Bruce Banner als Hulk / Tony Stark als Tony Stark als Iron Man",,"https://mculocationscout.com/2020/08/09/johannesburg-south-africa-mcu-location-scout/",,
"Age of Ultron","A2-18","Im Weltraum öffnet sich ein kreuzförmiger Satellit und lässt ein Spaceship heraus, das auf die Erde zufliegt.",,,,,"Weltraum","null","null",00:53:14,2015,"The Bruce Banner als Hulk / Tony Stark als Tony Stark als Iron Man",,"https://mculocationscout.com/2020/08/09/johannesburg-south-africa-mcu-location-scout/",,
"Age of Ultron","A2-19A","Hulk rastet aus, bis Iron Man mit seinem Hulkbuster und Veronica auftaucht, um ihn zu fangen.","Johannesburg, Südafrika",,"-26.205719138480962","28.044901871776254","Johannesburg, Südafrika","-26.201401510362544","28.047233843002143",00:53:20,2015,"The Bruce Banner als Hulk / Tony Stark als Tony Stark als Iron Man",,"https://mculocationscout.com/2020/08/09/johannesburg-south-africa-mcu-location-scout/",,
"Age of Ultron","A2-19B","Der Hulkbuster liefert sich einen Schlagabtausch, bevor Hulk ihm einen Laternenpfahl durch die Schulter rammt. Iron man verprügelt Hulk vor der Gauteng Provincial Legislature (ebenfalls in Johannesburg), bevor er ihn einfängt und wegfliegt.","40 Rissik St Johannesburg 2000 South Africa",,"-26.204128954953795","28.042292184562616","Johannesburg, Südafrika","-26.201401510362544","28.047233843002143",00:53:46,2015,"The Bruce Banner als Hulk / Tony Stark als Tony Stark als Iron Man",,"https://mculocationscout.com/2020/08/09/johannesburg-south-africa-mcu-location-scout/",,
"Age of Ultron","A2-19C","Hulk lässt sich nicht einfangen und zieht den Hulkbuster in ein überfülltes Einkaufszentrum und einen Fahrstuhl. Die beiden setzen den Kampf fort und zerstören dabei einen Großteil des Gebäudes.","Brent Civic Centre, Wembley Park Blvd, Wembley, England HA9 0FJ, United Kingdom","Das Brent Civic Centre in Wembley, Großbritannien, dient in diesem Teil der Sequenz, der nicht in Südafrika gedreht wurde, als Einkaufszentrum in Johannesburg.","51.55909355393051","-0.2816260283504894","Johannesburg, Südafrika","-26.201401510362544","28.047233843002143",00:54:00,2015,"The Bruce Banner als Hulk / Tony Stark als Tony Stark als Iron Man",,"https://mculocationscout.com/2020/08/09/johannesburg-south-africa-mcu-location-scout/",,
"Age of Ultron","A2-19D","Tony Stark schafft es, den Hulk wieder in die Luft zu bringen, und die beiden stürzen in ein im Bau befindliches Gebäude mitten in der Stadt.","Simmonds St & Market St, Johannesburg, 2001, South Africa","Der Schauplatz ist eigentlich ein Park, und der teilweise gebaute Wolkenkratzer wurde digital hinzugefügt.","-26.204567","28.039920","Simmonds St & Market St, Johannesburg, 2001, South Africa","-26.204567","28.039920",00:57:00,2015,"The Bruce Banner als Hulk / Tony Stark als Tony Stark als Iron Man",,"https://mculocationscout.com/2020/08/09/johannesburg-south-africa-mcu-location-scout/",,
"Age of Ultron","A2-19E","Iron Man ist schließlich in der Lage, den Hulk zu besiege.","Simmonds St & Market St, Johannesburg, 2001, South Africa",,"-26.204567","28.039920","Simmonds St & Market St, Johannesburg, 2001, South Africa","-26.204567","28.039920",00:58:20,2015,"The Bruce Banner als Hulk / Tony Stark als Tony Stark als Iron Man",,"https://mculocationscout.com/2020/08/09/johannesburg-south-africa-mcu-location-scout/",,
"Age of Ultron","A2-20","Nach dem Kampf und den erschütternden Visionen, lädt Clint (Hawkeye) die Avengers zu seiner Familie auf der Barton Farm ein.","Stratfield Saye Park Reading RG7 2BZ, United Kingdom","Der Ort, an dem die Scheune und das Haus gebaut wurden, ist der Stratfield Saye Park.","51.35027603799194","-0.9867394866585626","Barton Farm","null","null",01:00:00,2015,"Clint Barton / Tony Stark / Steve Rogers / Natascha Romanow / Bruce Banner / Thor / Nick Fury",,"https://mculocationscout.com/2020/08/09/barton-farm-mcu-location-scout/",,
"Age of Ultron","A2-21","Derweil befindet sich Ultron in Seoul, Südkorea, wo er das Labor von U-Gin Genetics, Dr. Cho, übernimmt.","Seoul, Südkorea","Der eigentliche Schauplatz ist die schwimmende Insel Seoul in Seoul.","37.51331398393421","126.99497649205848","U-Gin Genetics Research Lab (außen)","37.57093647679539","126.97720348271238",01:04:34,2015,"Dr. Cho / Ultron",,"https://mculocationscout.com/2020/08/09/u-gin-genetics-seoul-south-korea-mcu-location-scout/",,
"Age of Ultron","A2-22","Ultron versucht, sein Bewusstsein mit Hilfe der Cradle in einen synthetischen Körper zu übertragen","East, Off Yew Tree Ave, Rainham Rd S, Dagenham RM10 7FN, Vereinigtes Königreich","Die Innenaufnahmen von Dr. Chos Genetiklabor wurden bei Sanofi im London East UK Business & Technical Park gedreht","51.54706825276302","0.1699132870472986","U-Gin Genetics Research Lab (innen)","37.57093647679539","126.97720348271238",01:04:40,2015,"Dr. Cho / Ultron",,"https://virtualglobetrotting.com/map/sonofi-avengers-age-of-ultron/view/google/",,
"Age of Ultron","A2-23","Während Ultron in Seoul ist, befinden sich alle Avengers bis auf Thor noch auf Bartons Farm.","Stratfield Saye Park Reading RG7 2BZ, United Kingdom","Der Ort, an dem die Scheune und das Haus gebaut wurden, ist der Stratfield Saye Park.","51.35027603799194","-0.9867394866585626","Barton Farm","null","null",01:05:55,2015,"Clint Barton / Tony Stark / Steve Rogers / Natascha Romanow / Bruce Banner / Nick Fury",,"https://mculocationscout.com/2020/08/09/barton-farm-mcu-location-scout/",,
"Age of Ultron","A2-24","Thor sucht Erik Selvig an der University of London - Royal Holloway auf, um seine seltsamen Visionen besser zu verstehen.","Egham Hill, Egham TW20 0EX, United Kingdom",,"51.42578001540148","-0.5630410436973939","Royal Holloway, University of London","51.42578001540148","-0.5630410436973939",01:11:52,2015,"Thor / Erik Selvig",,"https://mculocationscout.com/2020/08/09/royal-holloway-london-mcu-location-scout/",,
"Age of Ultron","A2-25","Tony Stark besucht den Nexus des Internets in Oslo, Norwegen, um herauszufinden, wer Ultron daran hindert, sich Zugang zu den nuklearen Abschusscodes zu verschaffen.","London","Es gibt keinen einzigen Moment außerhalb des kleinen Computerraums, der auf einer Londoner Tonbühne gedreht wurde.","51.51445915507117","-0.12494983815534912","Nexus Internet Hub, Oslo, Norwegen","59.9127300","10.7460900",01:16:17,2015,"Tony Stark",,"https://mculocationscout.com/2020/08/09/nexus-internet-hub-oslo-norway-mcu-location-scout/",,
"Age of Ultron","A2-26","Captain America reist zum U-GIN Genetics Labor, wo er Dr. Cho und Ultron trifft.","Seoul, Südkorea",,"37.51331398393421","126.99497649205848","U-Gin Genetics Research Lab (außen)","37.57093647679539","126.97720348271238",01:19:26,2015,,,,,
"Age of Ultron","A2-27","LKW-Verfolgungsjagd durch Seoul.","Cheongdam Bridge Jayang-dong, Gwangjin-gu, Seoul, South Korea","Die Sequenz beginnt mit einer Einspielung der Cheongdam-Brücke, über die der Lastwagen, der Ultron und die Wiege transportiert, schließlich nach Süden fahren wird.","37.526790206314224","127.06446199823908","Seoul, Südkorea","37.52975100584142","127.06706699827458",01:20:00,2015,"Clint Barton als Hawkeye / Steve Rogers als Captain America / Natascha Romanow als Black Widow",,"https://mculocationscout.com/2020/08/09/truck-chase-seoul-mcu-location-scout/",,
"Age of Ultron","A2-28A","Hawkeye sieht den U-Gin-Lkw von seinem Quinjet aus, als er in den Tunnel der Dongbu-Autobahn einfährt.","74-27 Jayang 4(sa)-dong, Gwangjin-gu, Seoul, Südkorea","Dieser Tunnel befindet sich nur wenig nördlich der Cheongdam-Brücke.","37.532312","127.067067","Seoul, Südkorea","37.52975100584142","127.06706699827458",01:20:06,2015,"Clint Barton als Hawkeye / Steve Rogers als Captain America",,"https://mculocationscout.com/2020/08/09/truck-chase-seoul-mcu-location-scout/",,
"Age of Ultron","A2-28B","Der Lastwagen mit Ultron und der Wiege fährt nach Süden, um die Schleife über den Ttukseom Hangang Park und auf die Brücke. Captain America klettert auf die Straße und springt auf den Lkw.","-dong, 112 Jayang 3(sam)-dong, Gwangjin-gu, Seoul, Südkorea","Chris Evans (Captain America) war als einziger Schauspieler der Hauptbesetzung in Seoul vor Ort.","37.52975100584142","127.06706699827458","Seoul, Südkorea","37.52975100584142","127.06706699827458",01:20:30,2015,"Clint Barton als Hawkeye / Steve Rogers als Captain America",,"https://mculocationscout.com/2020/08/09/truck-chase-seoul-mcu-location-scout/",,
"Age of Ultron","A2-28C","Captain America hängt an der Hintertür des Lastwagens, als dieser die Brücke überquert.","Mapo Bridge, Seoul, Südkorea","Für diese Aufnahme wurde die Produktion auf die Mapo-Brücke verlegt, die mehrere Meilen entfernt ist.","37.53441056654008","126.93707108465694","Seoul, Südkorea","37.52975100584142","127.06706699827458",01:20:37,2015,"Clint Barton als Hawkeye / Steve Rogers als Captain America",,"https://mculocationscout.com/2020/08/09/truck-chase-seoul-mcu-location-scout/",,
"Age of Ultron","A2-28D","Hawkey greift im Quinjet Ultron an, während er und Captain America auf dem U-Gin-Truck kämpfen.","Mapo-gu, Seoul, Südkorea","Die Straße außerhalb des Platzes, Sangam-dong, dient als Kulisse für den LKW-Kampf mit Ultron.","37.5788788217822","126.88942061259156","Seoul, Südkorea","37.52975100584142","127.06706699827458",01:21:16,2015,"Clint Barton als Hawkeye / Steve Rogers als Captain America / Natascha Romanow als Black Widow",,"https://mculocationscout.com/2020/08/09/truck-fight-seoul-mcu-location-scout/",,
"Age of Ultron","A2-28E","Hawkeye steuert den Quinjet an zwei Statuen vorbei und durch einen Torbogen eines Hightech-Gebäudes, bevor er wendet und Black Widow mit ihrem Motorrad auf der Straße absetzt.","267 Seongam-ro, Mapo-gu, Seoul, South Korea","Der Nulikkum Square und das Digital Media City Center wurden für dieses Set Piece verwendet.","37.58144763176849","126.89133182664486","Seoul, Südkorea","37.52975100584142","127.06706699827458",01:21:45,2015,"Clint Barton als Clint Barton als Hawkeye / Natascha Romanow als Black Widow",,"https://mculocationscout.com/2020/08/09/truck-fight-seoul-mcu-location-scout/",,
"Age of Ultron","A2-28F","Black Widow hebt auf ihrem Motorrad Captain Americas Schild auf, dass er im Kampf mit Ultron fallen gelassen hat.","Seoul, Südkorea","Gedreht wurde ein Stück weiter oben auf dem Sangam-dong als bei den vorherigen Aufnahmen.","37.57974113099364","126.88809538162587","Seoul, Südkorea","37.52975100584142","127.06706699827458",01:21:53,2015,"Clint Barton als Hawkeye / Natascha Romanow als Black Widow",,"https://mculocationscout.com/2020/08/09/truck-fight-seoul-mcu-location-scout/",,
"Age of Ultron","A2-28G","Black Widow biegt rechts in eine kleinere Straße ein.","Seoul, Südkorea","Sie fährt die Gangnam-daero entlang und biegt rechts in die Gangnam-daero 102-gil ein.","37.50125680627088","127.02630833705506","Seoul, Südkorea","37.52975100584142","127.06706699827458",01:22:03,2015,"Clint Barton als Hawkeye / Natascha Romanow als Black Widow",,"https://mculocationscout.com/2020/08/09/motorcycle-chase-seoul-mcu-location-scout/",,
"Age of Ultron","A2-28H","Black Widow rast an einigen Leuten vorbei und um eine weitere Ecke und versucht, den U-Gin-LKW einzuholen.","Seoul, Südkorea","Dies wurde in der Nähe der vorherigen Szene gedreht, in Gangnam-daero 98-gil.","37.50069508412947","127.02754417295701","Seoul, Südkorea","37.52975100584142","127.06706699827458",01:22:05,2015,"Natascha Romanow als Black Widow",,"https://mculocationscout.com/2020/08/09/motorcycle-chase-seoul-mcu-location-scout/",,
"Age of Ultron","A2-28I","Black Widow saust in eine kleine Gasse neben der Kookmin-Bank und dann auf die Hauptstraße, nachdem sie den U-Gin-Truck eingeholt hat und Captain Americas Schild zurückbringt.","Gyeonggi-do, Südkorea","Die Aufnahmen in dieser Gasse entstanden in einer anderen Stadt. Es wurde in Gyeonggi-do in der Nähe der Schnellstraße Gyewondaehang-ro gefilmt. Genauer: in einer kleinen Gasse, die die Galmi 2-Ro-Schleife mit Pyeongchon-dong auf der Nordseite verbindet.","37.37956021406069","126.9718149249326","Seoul, Südkorea","37.52975100584142","127.06706699827458",01:22:14,2015,"Natascha Romanow als Black Widow",,"https://mculocationscout.com/2020/08/09/motorcycle-chase-seoul-mcu-location-scout/",,
"Age of Ultron","A2-28J","Black Widow fährt dann eine Treppe hinauf, um den Lastwagen zu verfolgen. Captain America wird in der Zwischenzeit vom Lastwagen in eine Reihe von Autos geschleudert, die ausweichen müssen, um einen Zusammenstoß zu vermeiden.","Gyeonggi-do, Südkorea","Dies wurde ebenfalls in Pyeongchon-dong unter der Schnellstraße gefilmt. Captain America weicht den fliegenden Autos in der Nähe der Kreuzung Galmi 1-ro aus.","37.37985773505701","126.97217665400113","Seoul, Südkorea","37.52975100584142","127.06706699827458",01:22:30,2015,"Clint Barton als Hawkeye / Steve Rogers als Captain America / Natascha Romanow als Black Widow",,"https://mculocationscout.com/2020/08/09/motorcycle-chase-seoul-mcu-location-scout/",,
"Age of Ultron","A2-28K","Captain America steigt wieder auf den Lastwagen und verpasst Ultron ein paar kräftige Schläge, während der Lastwagen nach rechts abbiegt.","Gyeonggi-do, Südkorea","Diese Aufnahme findet weiter unten auf der Gyewondaehang-ro statt, wo er nach rechts auf die Galmi-ro abbiegt.","37.379192576534365","126.97607627976096","Seoul, Südkorea","37.52975100584142","127.06706699827458",01:23:00,2015,"Clint Barton als Hawkeye / Steve Rogers als Captain America / Natascha Romanow als Black Widow",,"https://mculocationscout.com/2020/08/09/motorcycle-chase-seoul-mcu-location-scout/",,
"Age of Ultron","A2-28L","Hawkeye zieht den Quinjet in die Vertikale, um einem Paar Ultron-Drohnen auszuweichen.","Daechi 2(i)-dong, Gangnam-gu, Seoul, Südkorea","Die Hintergrundplatte dafür befand sich genau über dem Kreisverkehr und Parkplatz in Gangnam-gu.","37.50709984592377","127.06752918301399","Seoul, Südkorea","37.52975100584142","127.06706699827458",01:23:03,2015,"Clint Barton als Hawkeye / Natascha Romanow als Black Widow / Ultron",,"https://mculocationscout.com/2020/08/09/train-chase-seoul-mcu-location-scout/",,
"Age of Ultron","A2-28M","Während die beiden Drohnen von der Rückseite des Lastwagens aus starten, um den Quinjet anzugreifen, fährt Widow mit ihrem Motorrad die Auffahrt zum unteren Parkplatz unter dem Dongbu Expressway hinunter, um dem Lastwagen zu folgen.","Daechi 2(i)-dong, Gangnam-gu, Seoul, Südkorea","Die Hintergrundplatte dafür befand sich genau über dem Kreisverkehr und Parkplatz in Gangnam-gu.","37.50709984592377","127.06752918301399","Seoul, Südkorea","37.52975100584142","127.06706699827458",01:23:07,2015,"Clint Barton als Hawkeye / Natascha Romanow als Black Widow / Ultron",,"https://mculocationscout.com/2020/08/09/train-chase-seoul-mcu-location-scout/",,
"Age of Ultron","A2-28N","Der Lastwagen fährt durch einen Parkplatz und hält mit einem vorbeifahrenden Pendlerzug Schritt. Captain America wird von Ultron in den Zug geschleudert, während Widow in den hinteren Teil des Lastwagens springt.","186-5 Samseong-dong, Gangnam-gu, Seoul, Südkorea","Die gesamte erste Hälfte der Verfolgungsjagd mit dem Zug findet auf dem Parkplatz unter der Schnellstraße zwischen der Samseong-Gyo-Brücke und der Bong-Eungyo-Brücke statt.","37.51264324787103","127.0677959999999","Seoul, Südkorea","37.52975100584142","127.06706699827458",01:23:30,2015,"Clint Barton als Hawkeye / Steve Rogers als Captain America / Natascha Romanow als Black Widow / Ultron",,"https://mculocationscout.com/2020/08/09/train-chase-seoul-mcu-location-scout/",,
"Age of Ultron","A2-28O","Die Ultron-Bots heben mit der Cradle ab, gefolgt von Hawkeye im Quinjet.","316-2 Dongjak-dong, Dongjak-gu, Seoul, Südkorea","Sie fliegen über den Han-Fluss mit der Dongjak-Brücke im Hintergrund und der Olympic-Daero-Autobahn auf der rechten Seite.","37.50501235295249","126.98015751464298","Seoul, Südkorea","37.52975100584142","127.06706699827458",01:24:19,2015,"Clint Barton als Hawkeye / Steve Rogers als Captain America / Natascha Romanow als Black Widow / Ultron",,"https://mculocationscout.com/2020/08/09/train-chase-seoul-mcu-location-scout/",,
"Age of Ultron","A2-28P","Quicksilver, Scarlet, Captain America und Ultron kämpfen im Zug.","Shepperton Studios, Studios Road, Shepperton, Surrey, England, UK","Hierbei handelt es sich um Studioaufnahmen.","51.40797670356879","-0.46609220136945423","Seoul, Südkorea","37.52975100584142","127.06706699827458",01:24:44,2015,"Pietro Maximoff als Quicksilver / Wanda Maximoff als Scarlet Witch / Steve Rogers als Captain America / Ultron",,,,
"Age of Ultron","A2-28Q","Ultron verlässt den Zug und fliegt mit seinen Begleitern davon, wobei er sich Black Widow schnappt. Er fliegt über die Zugbrücken, direkt westlich der Hangang-Brücke, während der Zug unter ihm weiterfährt.","317-1 Noryangjin-dong, Dongjak-gu, Seoul, South Korea",,"37.51685770676443","126.94954481349103","Seoul, Südkorea","37.52975100584142","127.06706699827458",01:25:06,2015,"Clint Barton als Hawkeye / Steve Rogers als Captain America / Natascha Romanow als Black Widow / Ultron",,"https://mculocationscout.com/2020/08/09/train-chase-seoul-mcu-location-scout/",,
"Age of Ultron","A2-28R","Hawkeye fliegt auf Anweisung von Captain America davon.","Shepperton Studios, Studios Road, Shepperton, Surrey, England, UK","Hierbei handelt es sich um Studioaufnahmen.","51.40797670356879","-0.46609220136945423","Seoul, Südkorea","37.52975100584142","127.06706699827458",01:25:45,2015,"Clint Barton als Hawkeye / Steve Rogers als Captain America",,,,
"Age of Ultron","A2-28S","Der Zug entgleist auf einer Straße.","Dorim-ro 128ga-gil, Yeongdeungpo-gu, Seoul, Südkorea","Die Hintergrundbilder wurden in und um diesen Bereich aufgenommen.","37.51435412652068","126.8976644506618","Seoul, Südkorea","37.52975100584142","127.06706699827458",01:26:02,2015,"Clint Barton als Hawkeye / Steve Rogers als Captain America / Natascha Romanow als Black Widow / Ultron",,"https://mculocationscout.com/2020/08/09/train-chase-seoul-mcu-location-scout/",,
"Age of Ultron","A2-28T","Der Zug kommt auf einer koreanischen Straße zum Stehen.","Longcross Studios, Chobham Lane, Chertsey, England KT16 0EX, United Kingdom","Die letzten Aufnahmen des Zuges wurden laut Cinefex #142 im Backlot der Longcross-Studios in England gedreht.","51.3832677947837","-0.5936927730749278","Seoul, Südkorea","37.52975100584142","127.06706699827458",01:26:13,2015,"Clint Barton als Hawkeye / Steve Rogers als Captain America / Natascha Romanow als Black Widow / Ultron",,"https://mculocationscout.com/2020/08/09/train-chase-seoul-mcu-location-scout/",,
"Age of Ultron","A2-29","Hawkeye ist zurück im Stark Tower, wo er noch immer besorgt um Black Widow, mit Tony Stark und Bruce Banner spricht. Tony plant JARVIS mithilfe von Banner in den Zepter zu bringen.","Shepperton Studios, Studios Road, Shepperton, Surrey, England, UK","Hierbei handelt es sich um Studioaufnahmen.","51.40797670356879","-0.46609220136945423","Stark Turm (innen)","40.75344630782818","-73.9766453444253",01:27:09,2015,"Clint Barton als Hawkeye / Tony Stark als Tony Stark als Iron Man / Bruce Banner",,,,
"Age of Ultron","A2-30","Black Widow wacht in Ultrons Versteck in Sokovia auf.","Shepperton Studios, Studios Road, Shepperton, Surrey, England, UK","Hierbei handelt es sich um Studioaufnahmen.","51.40797670356879","-0.46609220136945423","Sokovia","null","null",01:29:19,2015,"Natascha Romanow als Black Widow / Ultron",,,,
"Age of Ultron","A2-31","Tony Stark lädt heimlich JARVIS - der nach seinem Versteck vor Ultron tief im Internet immer noch funktionsfähig ist - in den künstlichen Körper. Währenddessen erhält Hawkeye Morsecode von Black Widows Aufenthalt in Ultrons Versteck in Sokovia.","Shepperton Studios, Studios Road, Shepperton, Surrey, England, UK","Hierbei handelt es sich um Studioaufnahmen.","51.40797670356879","-0.46609220136945423","Stark Turm (innen)","40.75344630782818","-73.9766453444253",01:30:31,2015,"Tony Stark / Bruce Banner",,,,
"Age of Ultron","A2-32","Captain America und die Zwillinge wollen Stark von seinem Vorgehen, JARVIS in einen künstlichen Körper hochzuladen abhalten. Es endet in einem Kampf. Thor erweckt den Androide, Vision genannt, vollständig zum Leben. Er schließt sich dem Kampf gegen Ultro","Shepperton Studios, Studios Road, Shepperton, Surrey, England, UK","Hierbei handelt es sich um Studioaufnahmen.","51.40797670356879","-0.46609220136945423","Stark Turm (innen)","40.75344630782818","-73.9766453444253",01:31:20,2015,"Tony Stark / Bruce Banner / Steve Rogers als Captain America / Pietro Maximoff als Quicksilver / Wanda Maximoff als Scarlet Witch / Thor / Vision",,"https://de.wikipedia.org/wiki/Avengers:_Age_of_Ultron",,
"Age of Ultron","A2-33","Das Quinjet fliegt nach Sokovia.","Aosta Valley, Italy","Die Burg Fort Bard in Italien wird für die Außenaufnahmen verwendet.","45.608475766257","7.744776327306901","Hydra Basis (außen)","null","null",01:37:35,2015,,,,,
"Age of Ultron","A2-34","Als sich Ultrons Truppen in Novi Grad versammeln, beginnen Hawkeye und Scarlet mit der Evakuierung der Bürger. In einer Wohnung wird eine Familie durch die Kräfte von Scarlet evakuiert.","Via Caduti della Libertà, 6, 11029 Verrès AO, Italy","Der Blick aus dem Fenster geht nach Nordosten auf eine Gasse mit Le Petit Cafe Bar Gelateria.","45.66864773951658","7.69153390171248","Sokovia","null","null",01:37:55,2015,"Wanda Maximoff als Scarlet Witch",,"https://mculocationscout.com/2020/08/09/pedestrian-bridge-novi-grad-mcu-location-scout/",,
"Age of Ultron","A2-35","Hawkeye sitzt auf einem Dach und überwacht die Evakuierung.","Via Caduti della Libertà, 3, 11029 Verrès AO, Italy","Gedreht wurde über der Via Caduti della Liberta.","45.66878698581386","7.691483701495474","Sokovia","null","null",01:38:13,2015,"Clint Barton als Hawkeye",,,,
"Age of Ultron","A2-36","Die Stadtbewohner evakuieren die Zerstörung zwischen Ultrons Armee und den Avengers.","Via Roma, 11026 Pont-Saint-Martin AO, Italy","Sie überqueren die Ponte Del Diavolo an der Via Roma in Pont-Saint-Martin, Italien.","45.599306734773364","7.800140835365246","Sokovia","null","null",01:38:35,2015,,,,,
"Age of Ultron","A2-37","Bruce Banner befreit Black Widow aus dem Gefängnis","Shepperton Studios, Studios Road, Shepperton, Surrey, England, UK","Hierbei handelt es sich um Studioaufnahmen.","51.40797670356879","-0.46609220136945423","Ultrons Versteck","null","null",01:38:40,2015,"Natascha Romanow als Black Widow / Bruce Banner",,,,
"Age of Ultron","A2-38","Hawkeye und Scarlet bekämpfen Droiden auf einer Brücke.","Via Martorey, 3, 11029 Verrès AO, Italy","Gedreht auf der Brücke Via Caduti della Liberta in Verrès, Italien.","45.66846404603949","7.6921397269641165","Sokovia","null","null",01:40:25,2015,"Clint Barton als Hawkeye / Wanda Maximoff als Scarlet Witch",,,,
"Age of Ultron","A2-39","Ultron und Vision treffen in der Kirche aufeinander.","Shepperton Studios, Studios Road, Shepperton, Surrey, England, UK","Hierbei handelt es sich um Studioaufnahmen.","51.40797670356879","-0.46609220136945423","Kirche, Sokovia","null","null",01:40:56,2015,"Ultron / Vision",,,,
"Age of Ultron","A2-40A","Quicksilver wehrt Droiden ab, die in Autos einschlagen.","Piazza Plouves
11100 Aosta AO
Italy","Die Aufnahmen fanden auf dem Parkplatz der Piazza Plouves in Aosta, Italien, statt.","45.737108464477586","7.323415024805015","Sokovia","null","null",01:41:20,2015,"Pietro Maximoff als Quicksilver",,"https://mculocationscout.com/2020/08/09/battle-of-sokovia-italy-mcu-location-scout/",,
"Age of Ultron","A2-40B","Quicksilver macht einen Halt vor einer verfallenen Steinmauer.","17 Via Vevey
Aosta, Aostatal","Die Steinmauer ist in der Via Torino in Aosta, Italien.","45.73676028787767","7.324677000172748","Sokovia","null","null",01:41:18,2015,"Pietro Maximoff als Quicksilver",,"https://mculocationscout.com/2020/08/09/battle-of-sokovia-italy-mcu-location-scout/",,
"Age of Ultron","A2-41","Thor kämpft sich hinunter in Ultrons unterirdisches Versteck","Shepperton Studios, Studios Road, Shepperton, Surrey, England, UK","Hierbei handelt es sich um Studioaufnahmen.","51.40797670356879","-0.46609220136945423","Ultrons Versteck","null","null",01:41:48,2015,"Thor",,,,
"Age of Ultron","A2-42","Die Stadt erhebt sich in die Höhe. Brücken bersten auseinander.","Shepperton Studios, Studios Road, Shepperton, Surrey, England, UK","Hierbei handelt es sich um Studioaufnahmen.","51.40797670356879","-0.46609220136945423","Sokovia","null","null",01:42:02,2015,"Steve Rogers als Captain America / Wanda Maximoff als Scarlet Witch / Clint Barton als Hawkeye / Thor",,"https://mculocationscout.com/2020/08/09/novi-grad-square-sokovia-mcu-location-scout/",,
"Age of Ultron","A2-43","The Hulk und Black Widow landen im Wald.","Bourne Woods, Tilford Rd, Farnham, England GU10 3RW, United Kingdom","Der Bourne-Wald wurde für die Aufnahmen verwendet.","51.19289380732606","-0.7711367791992004","Sokovischer Wald","null","null",01:43:57,2015,"Natascha Romanow als Black Widow / Bruce Banner als Hulk",,"https://mculocationscout.com/2020/08/09/sokovian-woods-mcu-location-scout/",,
"Age of Ultron","A2-44","Auf dem Novi Grad Square liefern sich Ultrons Droiden und die Avengers den finalen Kampf.","Lismore Blv, London, United Kingdom","Gedreht wurde im Metropolitan Police Training Centre am Lismore Blv. Auf einer Seite des Ausbildungszentrums stand eine Statue von Sir Robert Peele, die nicht bewegt werden konnte. Auf dieser Seite des Zentrums befanden sich auch die Kulissen für das Rettungsboot und die Brücke. Auf der anderen Seite des Geländes wurden zwei Statuen und ein Kiosk gebaut sowie die Kirche, in der der letzte Kampf zwischen den Avengers und Ultron stattfand.","51.59292396582391","-0.24021191534307765","Novi Grad Square, Sokovia","null","null",01:45:00,2015,"Steve Rogers als Captain America",,"https://mculocationscout.com/2020/08/09/novi-grad-square-sokovia-mcu-location-scout/",,
"Age of Ultron","A2-45","Hawkeye und Scarlet bekämpfen Droiden an einer Kreuzung.","Piazza Renè Di Challant, 1, 11029 Verrès AO, Italy","Die Kreuzung befindet sich an der Via Martorey und Via Caduti per la Libertà in Verrès, Italien.","45.66869493638452","7.691624236803254","Sokovia","null","null",01:45:36,2015,"Clint Barton als Hawkeye / Wanda Maximoff als Scarlet Witch",,"https://mculocationscout.com/2020/08/09/battle-of-sokovia-italy-mcu-location-scout/",,
"Age of Ultron","A2-46","Der finale Kampf zwischen Ultrons Armee und den Avengers.","Lismore Blv, London, United Kingdom","Gedreht wurde im Metropolitan Police Training Centre am Lismore Blv. Auf einer Seite des Ausbildungszentrums stand eine Statue von Sir Robert Peele, die nicht bewegt werden konnte. Auf dieser Seite des Zentrums befanden sich auch die Kulissen für das Rettungsboot und die Brücke. Auf der anderen Seite des Geländes wurden zwei Statuen und ein Kiosk gebaut sowie die Kirche, in der der letzte Kampf zwischen den Avengers und Ultron stattfand.","51.59292396582391","-0.24021191534307765","Novi Grad Square, Sokovia","null","null",01:48:00,2015,"Clint Barton als Hawkeye / Wanda Maximoff als Scarlet Witch / Thor /Steve Rogers als Captain America / Ultron",,"https://mculocationscout.com/2020/08/09/novi-grad-square-sokovia-mcu-location-scout/",,
"Age of Ultron","A2-47","Die Zivilisten werden von SHIELD-Rettungsbooten gerettet.","Lismore Blv, London, United Kingdom","Gedreht wurde im Metropolitan Police Training Centre am Lismore Blv. Auf einer Seite des Ausbildungszentrums stand eine Statue von Sir Robert Peele, die nicht bewegt werden konnte. Auf dieser Seite des Zentrums befanden sich auch die Kulissen für das Rettungsboot und die Brücke. Auf der anderen Seite des Geländes wurden zwei Statuen und ein Kiosk gebaut sowie die Kirche, in der der letzte Kampf zwischen den Avengers und Ultron stattfand.","51.59292396582391","-0.24021191534307765","Novi Grad Square, Sokovia","null","null",01:51:52,2015,"Pietro Maximoff als Quicksilver / Natascha Romanow als Black Widow / Steve Rogers als Captain America",,"https://mculocationscout.com/2020/08/09/novi-grad-square-sokovia-mcu-location-scout/",,
"Age of Ultron","A2-48","Die Avengers kämpfen mit Ultrons Armee in der Kirche.","Shepperton Studios, Studios Road, Shepperton, Surrey, England, UK","Es ist anzunehmen, dass es sich hierbei um Studioaufnahmen handelt.","51.40797670356879","-0.46609220136945423","Sokovia","null","null",01:56:10,2015,"Wanda Maximoff als Scarlet Witch / Thor /Steve Rogers als Captain America / The Bruce Banner als Hulk / Pietro Maximoff als Quicksilver /",,,,
"Age of Ultron","A2-49","Black Widow versucht Hulk zu beruhigen, während Hawkeye die Rettungsaktion mitkoordinier.","Lismore Blv, London, United Kingdom","Gedreht wurde im Metropolitan Police Training Centre am Lismore Blv. Auf einer Seite des Ausbildungszentrums stand eine Statue von Sir Robert Peele, die nicht bewegt werden konnte. Auf dieser Seite des Zentrums befanden sich auch die Kulissen für das Rettungsboot und die Brücke. Auf der anderen Seite des Geländes wurden zwei Statuen und ein Kiosk gebaut sowie die Kirche, in der der letzte Kampf zwischen den Avengers und Ultron stattfand.","51.59292396582391","-0.24021191534307765","Novi Grad Square, Sokovia","null","null",01:58:53,2015,"Clint Barton als Hawkeye / Natascha Romanow als Black Widow / Bruce Banner als Hulk",,,,
"Age of Ultron","A2-50","Hawkeye rettet einen Jungen und wird selbst von Quicksilver gerettet, der dabei stirbt.","Lismore Blv, London, United Kingdom","Gedreht wurde im Metropolitan Police Training Centre am Lismore Blv. Auf einer Seite des Ausbildungszentrums stand eine Statue von Sir Robert Peele, die nicht bewegt werden konnte. Auf dieser Seite des Zentrums befanden sich auch die Kulissen für das Rettungsboot und die Brücke. Auf der anderen Seite des Geländes wurden zwei Statuen und ein Kiosk gebaut sowie die Kirche, in der der letzte Kampf zwischen den Avengers und Ultron stattfand.","51.59292396582391","-0.24021191534307765","Novi Grad Square, Sokovia","null","null",01:59:55,2015,"Clint Barton als Hawkeye / Pietro Maximoff als Quicksilver",,,,
"Age of Ultron","A2-51","Vision trifft auf den geschwächten Ultron und vernichtet ihn.",,"Der Drehort ist unbekannt.",,,"Sokovischer Wald","null","null",02:05:29,2015,"Ultron / Vision",,,,
"Age of Ultron","A2-52","Hawkeye kehrt zu seiner Familie zurück.","Stratfield Saye Park Reading RG7 2BZ, United Kingdom","Der Ort, an dem die Scheune und das Haus gebaut wurden, ist der Stratfield Saye Park.","51.35027603799194","-0.9867394866585626","Barton Farm","null","null",02:06:26,2015,"Clint Barton",,"https://mculocationscout.com/2020/08/09/barton-farm-mcu-location-scout/",,
"Age of Ultron","A2-53","Tony Stark fährt mit einem Auto zur neuen Avengers-Headbasis.","Sainsbury Centre for Visual Arts, University of East Anglia, Norwich, England NR4 7TU, United Kingdom","Das erste und wichtigste Gebäude für die Einrichtung ist das Sainsbury Centre for Visual Arts an der University of East Anglia in Norwich, UK. Es wurden einige zusätzliche Innenaufnahmen im Sainsbury Centre gedreht, vor allem Thor, Steve und Tony im Gespräch, und die Versammlung der Avengers in der Schlusseinstellung.","52.62051916108792","1.2347317558150142","Avengers-Headbasis, Upstate, New York","43.50239684316703","-75.38157371845853",02:07:00,2015,"Tony Stark / Natascha Romanow als Black Widow / Nick Fury / Steve Rogers als Captain America",,"https://mculocationscout.com/2020/08/09/new-avengers-facility-mcu-location-scout/",,
"Age of Ultron","A2-54","In der neuen Avengers-Headbasis werden Falcon, Wanda (Scarlet) und Vision begrüßt.","Royal Victoria Dock, 1 Western Gateway, London E16 1XL, United Kingdom","Die kurzen Innenaufnahmen am Ende von Avengers: Age of Ultron finden in der Londoner ExCel-Halle in London statt.","51.509061487861246","0.02980539113863503","Avengers-Headbasis, Upstate, New York","43.50239684316703","-75.38157371845853",02:11:00,2015,"Natascha Romanow als Black Widow / Steve Rogers als Captain America / Wanda / Vision / Falcon",,"https://mculocationscout.com/2020/08/09/new-avengers-facility-mcu-location-scout/",,
