Szenen-ID,Szenenbeschreibung,Drehort,Drehortbeschreibung,Breitengrad (Drehort),Längengrad (Drehort),Szenenort,Längengrad (Szenenort),Breitengrad (Szenenort),Zeit im Film (sek),Zeit (chronologisch),Figuren,Links,Quelle,Anmerkung
A3-1,"Thanos und seine Handlanger befallen das Schiff der Asgardianer, die zum großen Teil getötet werden. Hulk kämpft gegen Thanos, jedoch erfolglos. Heimdall befördert Hulk auf die Erde. Thanos erhält den Tesserakt und somit den Raum Infinity Stein. Loki und Heimdall werden getötet.","Trilith Studios,
461 Sandy Creek Road
Fayetteville, Georgia 30214","Amerikanisches Film- und Fernsehproduktionsstudio südlich von Atlanta in Fayette County, Georgia. Ehemals Pinewood Atlanta Studios.",33.47312809304286,-84.51253281451417,"im All auf dem Schiff der Asgardianer; ""22 jump points from Askard""",null,null,00:00:25,2018,Heimdall/ Ebony Maw/ Loki/ Thanos/ Thor/ Thanos Handlager/ Leichen von Asgard/ Bruce Banner als Hulk,null,null,"Keine Gewähr auf Richtigkeit, dass dies in den Trilith Studios gedreht wurde."
A3-2A,Hulk wird mit dem Bifröst zurück auf die Erde befördert.,"Trilith Studios,
461 Sandy Creek Road
Fayetteville, Georgia 30214","Amerikanisches Film- und Fernsehproduktionsstudio südlich von Atlanta in Fayette County, Georgia. Ehemals Pinewood Atlanta Studios.",33.47312809304286,-84.51253281451417,All,null,null,00:10:16,2018,Bruce Banner als Hulk,null,null,"Keine Gewähr auf Richtigkeit, dass dies in den Trilith Studios gedreht wurde."
A3-2B,Hulk kommt mit dem Bifröst über New York an.,"Trilith Studios,
461 Sandy Creek Road
Fayetteville, Georgia 30214","Amerikanisches Film- und Fernsehproduktionsstudio südlich von Atlanta in Fayette County, Georgia. Ehemals Pinewood Atlanta Studios.",33.47312809304286,-84.51253281451417,New York,null,null,00:10:27,2018,Bruce Banner als Hulk,null,null,"Keine Gewähr auf Richtigkeit, dass dies in den Trilith Studios gedreht wurde."
A3-3,"Dr. Strange und Wong unterhalten sich, als Hulk/Banner auf den Treppen des New York Sanctums aufschlägt. Er kündigt an, dass Thanos bald kommt.","Trilith Studios,
461 Sandy Creek Road
Fayetteville, Georgia 30214","Amerikanisches Film- und Fernsehproduktionsstudio südlich von Atlanta in Fayette County, Georgia. Ehemals Pinewood Atlanta Studios.",33.47312809304286,-84.51253281451417,"Sanctum Sanctorum, 177A Bleecker Street, New York, NY 10012, United States",40.72911010071466,-74.00061971555814,00:10:35,2018,Stephen Strange als Dr. Strange/ Wong/ Bruce Banner als Hulk/ Bruce Banner,"https://marvelcinematicuniverse.fandom.com/wiki/New_York_Sanctum, https://www.setdecorators.org/?name=AVENGERS-INFINITY-WAR&art=setdecor_awards_detail&SHOW=SetDecor_Film_Avengers_I_W, https://en.wikipedia.org/wiki/Trilith_Studios","Marvel Cinematic Universe Wiki, Setdecor, Wikipedia","""The physical set from the DR STRANGE film was shipped to Georgia from London and rebuilt, reconfigured, repainted."" - Setdecor"
A3-4,"Tony Stark fragt Pepper Potts, ob sie schwanger sei. Sie diskutieren über ihre gemeinsame Zukunft. Dr. Strange und Bruce Banner tauchen auf und suchen Stark auf. Sie bitten ihn um seine Hilfe.","Piedmont Park,
1320 Monroe Dr NE, Atlanta, GA 30306, United States",Park im Nordosten Atlanta.,33.78630070557729,-84.37764637607489,"Central Park, New York","40.78241186820291, ",-73.96048447977054,00:11:26,2018,Tony Stark/ Pepper Potts,"https://www.filmtourismus.de/avengers-infinity-war/, https://mculocationscout.com/2020/09/16/central-park-new-york-mcu-location-scout-2/","Filmtourismus, MCU Location Scout","""The actual footage was filmed in Atlanta’s Piedmont Park, looking out over the soccer fields, which were digitally replaced with imagery of the Jackie Onassis Reservoir and the New York skyline."" - MCU Location Scout"
A3-5A,"Wong und Dr. Strange erklären Bruce Banner und Tony Stark die Entstehung der Infinity Steine und ihre Fähigkeiten. Sie erklären Stark auch, welche Gefahr Thanos darstellt. Strange trägt den Zeit Stein. Vision hat den Gedanken Stein. Um ihn zu finden, muss Stark Steve Rogers kontaktieren. ","Trilith Studios,
461 Sandy Creek Road
Fayetteville, Georgia 30214","Amerikanisches Film- und Fernsehproduktionsstudio südlich von Atlanta in Fayette County, Georgia. Ehemals Pinewood Atlanta Studios.",33.47312809304286,-84.51253281451417,"Sanctum Sanctorum, 177A Bleecker Street, New York, NY 10012, United States",40.72911010071466,-74.00061971555814,00:13:18,2018,Tony Stark/ Wong/ Bruce Banner/ Stephen Strange als Dr. Strange,"https://marvelcinematicuniverse.fandom.com/wiki/New_York_Sanctum, https://www.setdecorators.org/?name=AVENGERS-INFINITY-WAR&art=setdecor_awards_detail&SHOW=SetDecor_Film_Avengers_I_W, https://en.wikipedia.org/wiki/Trilith_Studios","Marvel Cinematic Universe Wiki, Setdecor, Wikipedia","""The physical set from the DR STRANGE film was shipped to Georgia from London and rebuilt, reconfigured, repainted."" - Setdecor"
A3-5B,"Draußen beginnt mit der Ankunft eines Raumschiffs der Ausnahmezustand. Tony Stark, Dr. Strange, Bruce Banner und Wong verlassen das New York Sanctum, um draußen nach dem Rechten zu sehen.","Trilith Studios,
461 Sandy Creek Road
Fayetteville, Georgia 30214","Amerikanisches Film- und Fernsehproduktionsstudio südlich von Atlanta in Fayette County, Georgia. Ehemals Pinewood Atlanta Studios.",33.47312809304286,-84.51253281451417,"Bleecker St, New York, NY 10012, United States",40.7281049092277,-73.99900289179449,00:17:34,2018,Tony Stark/ Stephen Strange als Dr. Strange/ Wong/ Bruce Banner,"https://mculocationscout.com/2020/09/16/sanctum-sanctorum-new-york-mcu-location-scout-2/, https://www.youtube.com/watch?v=V5mS7BHmZJI&t=34s","MCU Location Scout, Youtube","""While the scene appears to show a continuous shot of the characters exiting 177A Bleecker Street in New York and heading up Thompson St, the scene was actually filmed at the Atlanta Pinewood Studios, in Fayetteville, GA. "" - MCU Location Scout"
A3-6A,Peter Parker wird auf das Raumschiff aufmerksam und macht sich als Spiderman auf den Weg dahin.,"Trilith Studios,
461 Sandy Creek Road
Fayetteville, Georgia 30214","Amerikanisches Film- und Fernsehproduktionsstudio südlich von Atlanta in Fayette County, Georgia. Ehemals Pinewood Atlanta Studios.",33.47312809304286,-84.51253281451417,Ed Koch Queensboro Bridge,40.756788468079115,-73.9542239020659,00:18:14,2018,Peter Parker/ Peter Parker als Spider-Man,https://mculocationscout.com/2020/09/16/queensboro-bridge-new-york-mcu-location-scout/,MCU Location Scout,"Hintergrundbilder wurden auf der Ed Koch Queensboro Bridge gedreht. Keine Gewähr auf Richtigkeit, dass dies in den Trilith Studios gedreht wurde."
A3-6B,Peter Parker wird auf das Raumschiff aufmerksam und macht sich als Spiderman auf den Weg dahin.,Ed Koch Queensboro Bridge,null,40.756788468079115,-73.9542239020659,Ed Koch Queensboro Bridge,40.756788468079115,-73.9542239020659,00:18:14,2018,Peter Parker/ Peter Parker als Spider-Man,https://mculocationscout.com/2020/09/16/queensboro-bridge-new-york-mcu-location-scout/,MCU Location Scout,Hintergrundbild
A3-7,"Ebony Maw und ein weiterer Außerirdischer kommen aus dem Raumschiff, um sich den Zeitstein von Strange zu holen. Banner schafft es nicht, sich in Hulk zu verwandeln und wird deshalb von Strange durch ein Portal weg vom Geschehen hingebracht.","84 Walton Street NW, Atlanta, GA 30303",null,33.756539179710494,-84.39116951710628,"Thompson Street, New York",40.72612172816812,-74.00161128329653,00:18:57,2018,Tony Stark/ Stephen Strange als Dr. Strange/ Wong/ Bruce Banner/ Ebony Maw/ Cull Obsidian/ Tony Stark als Iron Man,"https://www.imdb.com/title/tt4154756/locations, https://mculocationscout.com/2020/09/16/thompson-street-new-york-mcu-location-scout/","IMDb, MCU Location Scout","""Walton Street between Forsyth and Cone, in Atlanta, GA, is the location of this destruction."" - MCU Location Scout"
A3-8A,Bruce Banner fällt durch den von Dr. Strange erzeugten Portal und landet im Washington Square Park.,"Woodruff Park, 91 Peachtree St, Atlanta, GA 30303",Park in Downtown Atlanta,33.755199487488284,-84.38862258625718,"Washington Square Park,
Washington Square, New York, NY 10012, United States",40.73102199134093,-73.99731054439424,00:21:28,2018,Bruce Banner,https://mculocationscout.com/2020/09/16/washington-square-park-new-york-mcu-location-scout/,MCU Location Scout,Hintergrundbilder wurden im Washington Square Park gedreht. 
A3-8B,Bruce Banner fällt durch den von Dr. Strange erzeugten Portal und landet im Washington Square Park.,"Washington Square Park,
Washington Square, New York, NY 10012, United States",null,40.73102199134093,-73.99731054439424,"Washington Square Park,
Washington Square, New York, NY 10012, United States",40.73102199134093,-73.99731054439424,00:21:28,2018,Bruce Banner,https://mculocationscout.com/2020/09/16/washington-square-park-new-york-mcu-location-scout/,MCU Location Scout,Hintergrundbild
A3-9,"Iron Man, Dr. Strange und Wong lassen ein Auto auf Ebony Maw fliegen, welchen er in zwei Teile durchsägt. Iron Man wird mit einem Objekt getroffen, das ihn wegschleudert.","84 Walton Street NW, Atlanta, GA 30303",null,33.756539179710494,-84.39116951710628,"Thompson Street, New York",40.72612172816812,-74.00161128329653,00:21:32,2018,Stephen Strange als Dr. Strange/ Tony Stark als Iron Man/ Wong/ Ebony Maw/ Cull Obsidian,"https://www.imdb.com/title/tt4154756/locations, https://mculocationscout.com/2020/09/16/thompson-street-new-york-mcu-location-scout/","IMDb, MCU Location Scout","""Walton Street between Forsyth and Cone, in Atlanta, GA, is the location of this destruction."" - MCU Location Scout"
A3-10A,"Iron Man wird dorthin geschleudert, wo sich Bruce Banner befindet. Cull Obsidian und Iron Man liefern sich ein Gefecht. Banner ringt mit sich, um Hulk herauszubringen. Spider-Man taucht auf und bewahrt Iron Man davor, von Cull Obsidian zerdrückt zu werden. Gemeinsam kämpfen sie weiter.","Woodruff Park, 91 Peachtree St, Atlanta, GA 30303",Park in Downtown Atlanta,33.755199487488284,-84.38862258625718,"Washington Square Park,
Washington Square, New York, NY 10012, United States",40.73102199134093,-73.99731054439424,00:21:48,2018,Tony Stark als Iron Man/ Bruce Banner/ Cull Obsidian/ Peter Parker als Spider-Man,https://mculocationscout.com/2020/09/16/washington-square-park-new-york-mcu-location-scout/,MCU Location Scout,Hintergrundbilder wurden im Washington Square Park gedreht. 
A3-10B,"Iron Man wird dorthin geschleudert, wo sich Bruce Banner befindet. Cull Obsidian und Iron Man liefern sich ein Gefecht. Banner ringt mit sich, um Hulk herauszubringen. Spider-Man taucht auf und bewahrt Iron Man davor, von Cull Obsidian zerdrückt zu werden. Gemeinsam kämpfen sie weiter.","Washington Square Park,
Washington Square, New York, NY 10012, United States",,40.73102199134093,-73.99731054439424,"Washington Square Park,
Washington Square, New York, NY 10012, United States",40.73102199134093,-73.99731054439424,00:21:48,2018,Tony Stark als Iron Man/ Bruce Banner/ Cull Obsidian/ Peter Parker als Spider-Man,https://mculocationscout.com/2020/09/16/washington-square-park-new-york-mcu-location-scout/,MCU Location Scout,Hintergrundbild
A3-11,"Ebony Maw greift Dr. Strange und Wong an. Maw stranguliert Strange, welcher ohnmächtig wird, aber von seinem Umhang wegbefördert wird.","84 Walton Street NW, Atlanta, GA 30303",null,33.756539179710494,-84.39116951710628,"Thompson Street, New York",40.72612172816812,-74.00161128329653,00:22:49,2018,Ebony Maw/ Stephen Strange als Dr. Strange/ Wong,"https://www.imdb.com/title/tt4154756/locations, https://mculocationscout.com/2020/09/16/thompson-street-new-york-mcu-location-scout/","IMDb, MCU Location Scout","""Walton Street between Forsyth and Cone, in Atlanta, GA, is the location of this destruction."" - MCU Location Scout"
A3-12A,"Beim Gefecht zwischen Cull Obsidian, Iron Man und Spider-Man fliegt der ohnmächtige Dr. Strange an ihnen vorbei, verfolgt von Ebnoy Maw. Iron Man befiehlt Spider-Man, ihnen hinterher zu gehen.","Woodruff Park, 91 Peachtree St, Atlanta, GA 30303",Park in Downtown Atlanta,33.755199487488284,-84.38862258625718,"Washington Square Park,
Washington Square, New York, NY 10012, United States",40.73102199134093,-73.99731054439424,00:23:49,2018,Tony Stark als Iron Man/ Cull Obsidian/ Stephen Strange als Dr. Strange/ Peter Parker als Spider-Man,https://mculocationscout.com/2020/09/16/washington-square-park-new-york-mcu-location-scout/,MCU Location Scout,Hintergrundbilder wurden im Washington Square Park gedreht. 
A3-12B,"Beim Gefecht zwischen Cull Obsidian, Iron Man und Spider-Man fliegt der ohnmächtige Dr. Strange an ihnen vorbei, verfolgt von Ebnoy Maw. Iron Man befiehlt Spider-Man, ihnen hinterher zu gehen.","Washington Square Park,
Washington Square, New York, NY 10012, United States",null,40.73102199134093,-73.99731054439424,"Washington Square Park,
Washington Square, New York, NY 10012, United States",40.73102199134093,-73.99731054439424,00:23:49,2018,Tony Stark als Iron Man/ Cull Obsidian/ Stephen Strange als Dr. Strange/ Peter Parker als Spider-Man,https://mculocationscout.com/2020/09/16/washington-square-park-new-york-mcu-location-scout/,MCU Location Scout,Hintergrundbild
A3-13,"Spider-Man verfolgt Ebony Maw, der hinter Dr. Strange und dem Zeit Stein ist.","Woodruff Park, 91 Peachtree St, Atlanta, GA 30303",Park in Downtown Atlanta,33.755199487488284,-84.38862258625718,"5th Ave, New York",40.73172593117752,-73.99672686015106,00:23:56,2018,Ebony Maw/ Peter Parker als Spider-Man/  Stephen Strange als Dr. Strange,https://mculocationscout.com/2020/09/16/washington-square-park-new-york-mcu-location-scout/,MCU Location Scout,Hintergrundbilder wurden im Washington Square Park gedreht. 
A3-13,"Spider-Man verfolgt Ebony Maw, der hinter Dr. Strange und dem Zeit Stein ist.","Washington Square Park,
Washington Square, New York, NY 10012, United States",null,40.73102199134093,-73.99731054439424,"5th Ave, New York",40.73172593117752,-73.99672686015106,00:23:56,2018,Ebony Maw/ Peter Parker als Spider-Man/  Stephen Strange als Dr. Strange,https://mculocationscout.com/2020/09/16/washington-square-park-new-york-mcu-location-scout/,MCU Location Scout,Hintergrundbild
A3-14A,"Spider-Man verfolgt Ebony Maw, der hinter Dr. Strange und dem Zeit Stein ist, wird aber von einem Werbeschild getroffen. ","Trilith Studios,
461 Sandy Creek Road
Fayetteville, Georgia 30214","Amerikanisches Film- und Fernsehproduktionsstudio südlich von Atlanta in Fayette County, Georgia. Ehemals Pinewood Atlanta Studios.",33.47312809304286,-84.51253281451417,"E 8th Street, New York",40.73213662461309,-73.99609320486235,00:24:00,2018,Ebony Maw/ Peter Parker als Spider-Man/  Stephen Strange als Dr. Strange,https://mculocationscout.com/2020/09/16/university-place-new-york-mcu-location-scout/,MCU Location Scout,"Hintergrundbilder wurden auf dem Universtity Place in New York gedreht. Keine Gewähr auf Richtigkeit, dass dies in den Trilith Studios gedreht wurde."
A3-14B,"Spider-Man verfolgt Ebony Maw, der hinter Dr. Strange und dem Zeit Stein ist, wird aber von einem Werbeschild getroffen. ","University Place, New York, NY 10003, United States",null,40.73273474505255,-73.9938050737456,"E 8th Street, New York",40.73213662461309,-73.99609320486235,00:24:00,2018,Ebony Maw/ Peter Parker als Spider-Man/  Stephen Strange als Dr. Strange,https://mculocationscout.com/2020/09/16/university-place-new-york-mcu-location-scout/,MCU Location Scout,Hintergrundbild
A3-15,"Eine Straßenlampe, die von Ebony Maw kontrolliert wird, kriegt den Umhang von Dr. Strange zu fassen. ","Trilith Studios,
461 Sandy Creek Road
Fayetteville, Georgia 30214","Amerikanisches Film- und Fernsehproduktionsstudio südlich von Atlanta in Fayette County, Georgia. Ehemals Pinewood Atlanta Studios.",33.47312809304286,-84.51253281451417,"Kreuzung von West 4th Street und Barrow Street, New York",40.73283767779557,-74.00212826201785,00:24:07,2018,Stephen Strange als Dr. Strange,https://mculocationscout.com/2020/09/16/sheridan-square-new-york-mcu-location-scout/,MCU Location Scout,"”The Cloak is grabbed at the corner of W 4th and Barrow St“. - MCU Location Scout zum Szenenort.
Keine Gewähr auf Richtigkeit, dass dies in den Trilith Studios gedreht wurde."
A3-16,Spider-Man fängt den stürzenden Dr. Strange mit seinen Spinnenweben auf. ,"Trilith Studios,
461 Sandy Creek Road
Fayetteville, Georgia 30214","Amerikanisches Film- und Fernsehproduktionsstudio südlich von Atlanta in Fayette County, Georgia. Ehemals Pinewood Atlanta Studios.",33.47312809304286,-84.51253281451417,"99 Grove St, New York, NY 10014, USA",40.733391557270366,-74.00277654558877,00:24:08,2018,Peter Parker als Spider-Man/ Stephen Strange als Dr. Strange,https://mculocationscout.com/2020/09/16/sheridan-square-new-york-mcu-location-scout/,MCU Location Scout,"Keine Gewähr auf Richtigkeit, dass dies in den Trilith Studios gedreht wurde."
A3-17,"Dr. Strange hängt an Spider-Mans Spinnenweben, wird daraufhin jedoch von dem Donut Raumschiff nach oben gebeamt. Spider-Man klammert sich an einer Straßenlampe, um zu verhindern, mitgezogen zu werden. Ebony Maw reißt die Straßenlampe raus, sodass Spider-Man auch hochgezogen wird.","Trilith Studios,
461 Sandy Creek Road
Fayetteville, Georgia 30214","Amerikanisches Film- und Fernsehproduktionsstudio südlich von Atlanta in Fayette County, Georgia. Ehemals Pinewood Atlanta Studios.",33.47312809304286,-84.51253281451417,"Christopher Street Station,
7th Ave S, New York, NY 10014, USA",40.733590571958395,-74.0028707112576,00:24:10,2018,Stephen Strange als Dr. Strange/ Ebony Maw/ Peter Parker als Spider-Man,https://mculocationscout.com/2020/09/16/sheridan-square-new-york-mcu-location-scout/,MCU Location Scout,"Keine Gewähr auf Richtigkeit, dass dies in den Trilith Studios gedreht wurde."
A3-18A,"Iron Man kämpft weiterhin mit Cull Obsidian. Iron Man werden die Arme verbunden und wird beinahe zerschmettert, doch Wong öffnet ein Portal.","Woodruff Park, 91 Peachtree St, Atlanta, GA 30303",Park in Downtown Atlanta,33.755199487488284,-84.38862258625718,"Washington Square Park,
Washington Square, New York, NY 10012, United States",40.73102199134093,-73.99731054439424,00:24:22,2018,Tony Stark als Iron Man/ Cull Obsidian,https://mculocationscout.com/2020/09/16/washington-square-park-new-york-mcu-location-scout/,MCU Location Scout,Hintergrundbilder wurden im Washington Square Park gedreht. 
A3-18B,"Iron Man kämpft weiterhin mit Cull Obsidian. Iron Man werden die Arme verbunden und wird beinahe zerschmettert, doch Wong öffnet ein Portal.","Washington Square Park,
Washington Square, New York, NY 10012, United States",null,40.73102199134093,-73.99731054439424,"Washington Square Park,
Washington Square, New York, NY 10012, United States",40.73102199134093,-73.99731054439424,00:24:22,2018,Tony Stark als Iron Man/ Cull Obsidian,https://mculocationscout.com/2020/09/16/washington-square-park-new-york-mcu-location-scout/,MCU Location Scout,Hintergrundbild
A3-19A,"Cull Obsidian fällt in das von Wong geöffnete Portal und landet an einem verschneiten Ort außerhalb der Zivilisation. Er versucht, wieder durch das Portal zu springen, doch Wong schließt es und Obsidians Hand wird vom schließenden Portal abgehackt.","Trilith Studios,
461 Sandy Creek Road
Fayetteville, Georgia 30214","Amerikanisches Film- und Fernsehproduktionsstudio südlich von Atlanta in Fayette County, Georgia. Ehemals Pinewood Atlanta Studios.",33.47312809304286,-84.51253281451417,null,null,null,00:24:33,,Cull Obsidian/ Bruce Banner/ Wong,https://mculocationscout.com/2020/09/16/antarctica-mcu-location-scout/,MCU Location Scout,Hintergrundbilder wurden auf der norwegischen Insel Svalbard gedreht.
A3-19B,"Cull Obsidian fällt in das von Wong geöffnete Portal und landet an einem verschneiten Ort außerhalb der Zivilisation. Er versucht, wieder durch das Portal zu springen, doch Wong schließt es und Obsidians Hand wird vom schließenden Portal abgehackt.",Svalbard,Norwegische Insel nördlich von Norwegen,78.720474336108,16.02220245489607,null,null,null,00:24:33,,Cull Obsidian/ Bruce Banner/ Wong,https://mculocationscout.com/2020/09/16/antarctica-mcu-location-scout/,MCU Location Scout,Hintergrundbild
A3-20A,Iron Man lädt Wong als Dank zu seiner Hochzeit ein und fliegt weg.,"Woodruff Park, 91 Peachtree St, Atlanta, GA 30303",Park in Downtown Atlanta,33.755199487488284,-84.38862258625718,"Washington Square Park,
Washington Square, New York, NY 10012, United States",40.73102199134093,-73.99731054439424,00:24:40,,Bruce Banner/ Wong/ Tony Stark als Iron Man,https://mculocationscout.com/2020/09/16/washington-square-park-new-york-mcu-location-scout/,MCU Location Scout,Hintergrundbilder wurden im Washington Square Park gedreht. 
A3-20B,Iron Man lädt Wong als Dank zu seiner Hochzeit ein und fliegt weg.,"Washington Square Park,
Washington Square, New York, NY 10012, United States",null,40.73102199134093,-73.99731054439424,"Washington Square Park,
Washington Square, New York, NY 10012, United States",40.73102199134093,-73.99731054439424,00:24:40,,Bruce Banner/ Wong/ Tony Stark als Iron Man,https://mculocationscout.com/2020/09/16/washington-square-park-new-york-mcu-location-scout/,MCU Location Scout,Hintergrundbild
A3-21,Spider-Man klammert sich am Donut Raumschiff fest. Iron Man fliegt auf den Raumschiff zu.,"Trilith Studios,
461 Sandy Creek Road
Fayetteville, Georgia 30214","Amerikanisches Film- und Fernsehproduktionsstudio südlich von Atlanta in Fayette County, Georgia. Ehemals Pinewood Atlanta Studios.",33.47312809304286,-84.51253281451417,über New York,null,null,00:24:47,2018,Peter Parker als Spider-Man/ Tony Stark als Iron Man,null,null,"Keine Gewähr auf Richtigkeit, dass dies in den Trilith Studios gedreht wurde."
A3-22,"Ebony Maw bringt den bewusstlosen Dr. Strange in einen Raum auf dem Raumschiff. Er legt seine Hände in ein Gerät, womit er das Schiff steuert.","Trilith Studios,
461 Sandy Creek Road
Fayetteville, Georgia 30214","Amerikanisches Film- und Fernsehproduktionsstudio südlich von Atlanta in Fayette County, Georgia. Ehemals Pinewood Atlanta Studios.",33.47312809304286,-84.51253281451417,auf dem Raumschiff über New York,null,null,00:24:57,2018,Ebony Maw/ Stephen Strange als Dr. Strange,null,null,"Keine Gewähr auf Richtigkeit, dass dies in den Trilith Studios gedreht wurde."
A3-23,Iron Man aktiviert einen Anzug für Spider-Man.,"Trilith Studios,
461 Sandy Creek Road
Fayetteville, Georgia 30214","Amerikanisches Film- und Fernsehproduktionsstudio südlich von Atlanta in Fayette County, Georgia. Ehemals Pinewood Atlanta Studios.",33.47312809304286,-84.51253281451417,über New York,null,null,00:25:03,2018,Peter Parker als Spider-Man/ Tony Stark als Iron Man,null,null,"Keine Gewähr auf Richtigkeit, dass dies in den Trilith Studios gedreht wurde."
A3-24,"Das Raumschiff, an dem sich Spider-Man klammert, ist höher aufgestiegen. Er wird durch den Sauerstoffmangel bewusstlos, wird jedoch von dem neuen und upgegradeten Anzug, den Iron Man davor aktiviert hat, aufgefangen. Iron Man schickt ihn unfreiwiliig nach Hause.","Trilith Studios,
461 Sandy Creek Road
Fayetteville, Georgia 30214","Amerikanisches Film- und Fernsehproduktionsstudio südlich von Atlanta in Fayette County, Georgia. Ehemals Pinewood Atlanta Studios.",33.47312809304286,-84.51253281451417,über New York,null,null,00:25:15,2018,Peter Parker als Spider-Man/ Tony Stark als Iron Man,null,null,"Keine Gewähr auf Richtigkeit, dass dies in den Trilith Studios gedreht wurde."
A3-25,"Iron Man gelangt in das Raumschiff, als ihn Pepper Potts anruft. Er verliert das Signal zu ihr und zu Friday. Spider-Man hat es geschafft, sich am Raumschiff festzuhalten und missachtet damit Iron Mans Befehl, nach Hause zu gehen. Ebony Maw steuert das Schiff ins All. ","Trilith Studios,
461 Sandy Creek Road
Fayetteville, Georgia 30214","Amerikanisches Film- und Fernsehproduktionsstudio südlich von Atlanta in Fayette County, Georgia. Ehemals Pinewood Atlanta Studios.",33.47312809304286,-84.51253281451417,über New York,null,null,00:25:53,2018,Iron Man,null,null,"Keine Gewähr auf Richtigkeit, dass dies in den Trilith Studios gedreht wurde."
A3-26,Bruce Banner findet das Klapphandy von Tony Stark. Wong geht zurück ins Sanctum Sanctorum. Banner ruft Steve Rogers an. ,"79 Walton St NW
Atlanta, GA 30303",null,33.756783076914424,-84.3910074878835,"Thompson Street, New York",40.72612172816812,-74.00161128329653,00:26:52,2018,Bruce Banner/ Wong,"https://mculocationscout.com/2020/09/16/thompson-street-new-york-mcu-location-scout/, 
https://www.filmtourismus.de/avengers-infinity-war/","MCU Location Scout, Filmtourismus","""Walton Street between Forsyth and Cone, in Atlanta, GA, is the location of this destruction."" - MCU Location Scout"
A3-27,"Die Guardians stoßen auf das zerstörte Schiff der Asgardianer. Sie finden Thor auf. Thor, Rocket und Groot machen sich auf den Weg zu Nivadellir, um einen Hammer zu besorgen. Der Rest geht zu dem Planeten Knowhere, um Thanos daran zu hindern, sich den Realitätsstein zu nehmen.","Trilith Studios,
461 Sandy Creek Road
Fayetteville, Georgia 30214","Amerikanisches Film- und Fernsehproduktionsstudio südlich von Atlanta in Fayette County, Georgia. Ehemals Pinewood Atlanta Studios.",33.47312809304286,-84.51253281451417,Die Benatar (Schiff der Gurdians of the Galaxy) im All,null,null,00:27:21,2018,Peter Quill/ Mantis/ Drax/ Gamora/ Groot/ Rocket/ Thor,null,null,"Keine Gewähr auf Richtigkeit, dass dies in den Trilith Studios gedreht wurde."
A3-28,"Vision und Wanda Maximoff befinden sich in einem Hotelzimmer. Vision spürt, dass der Stein ihm etwas sagen will. Sie küssen sich. ","Trilith Studios,
461 Sandy Creek Road
Fayetteville, Georgia 30214","Amerikanisches Film- und Fernsehproduktionsstudio südlich von Atlanta in Fayette County, Georgia. Ehemals Pinewood Atlanta Studios.",33.47312809304286,-84.51253281451417,Hotelzimmer irgendwo in Edinburgh in Schottland,null,null,00:35:47,2018,Vision/ Wanda Maximoff,null,null,"Keine Gewähr auf Richtigkeit, dass dies in den Trilith Studios gedreht wurde."
A3-29,"Vision bietet Wanda Maximoff an, nicht zu Stark zurückzukehren und bei ihr zu bleiben. Sie sehen die Nachrichten in einem Schaufenster, was in New York passiert ist. Sie werden plötzlich angegriffen von den Proxima Midnight und Corvus Glaive. ","52 Cockburn St, Edinburgh EH1 1PB, United Kingdom",null,55.95035988796245,-3.188541371901439,"Vor einem Kebab Laden,
52 Cockburn St, Edinburgh EH1 1PB, United Kingdom",55.95035988796245,-3.188541371901439,00:35:38,2018,Vision/ Wanda Maximoff/ Proxima Midnight/ Corvus Glaive,https://mculocationscout.com/2020/09/16/street-edinburgh-scotland-mcu-location-scout/,MCU Location Scout,null
A3-30,"Wanda Maximoff befördert sich und den verwundeten Vision weg. Wanda hilft, Visions Wunde etwas zu schließen, bis Proxima Midnight und Corvus erneut angreifen.","St Giles' Cathedral,
High St, Edinburgh EH1 1RE, United Kingdom",An der St Giles' Cathedral,55.94955747048104,-3.1909066950253138,"St Giles' Cathedral,
High St, Edinburgh EH1 1RE, United Kingdom",55.94955747048104,-3.1909066950253138,00:38:20,2018,Vision/ Wanda Maximoff/ Proxima Midnight/ Corvus Glaive,https://mculocationscout.com/2020/09/16/st-giles-cathedral-scotland-mcu-location-scout/,MCU Location Scout,null
A3-31,Vision wird von Corvus Glaive angegriffen.,"St Giles' Cathedral,
High St, Edinburgh EH1 1RE, United Kingdom",An der St Giles' Cathedral,55.94955747048104,-3.1909066950253138,"St Giles' Cathedral,
High St, Edinburgh EH1 1RE, United Kingdom",55.94955747048104,-3.1909066950253138,00:38:46,2018,Wanda Maximoff/ Vision/ Corus Glaive,https://www.google.com/maps/d/viewer?mid=1LGydXx6zdu_ZqwjhcmXR1BKf7wo&ll=55.9498168%2C-3.1900408000000136&z=13,Marvel Cinematic Universe: Location Scout,"""The Vision fights Corvus Glaive on and around St. Giles Cathedral"" - MCU Location Scout"
A3-32,Proxima Midnight kommt daher und greift Wanda an.,"Adam Smith Statute,
192 Royal Mile, Edinburgh EH1 1RF, United Kingdom",An der St Giles' Cathedral,55.94970323502061,-3.1898979616124827,"Adam Smith Statute,
192 Royal Mile, Edinburgh EH1 1RF, United Kingdom",55.94970323502061,-3.1898979616124827,00:38:49,,Wanda Maximoff/ Proxima Midnight,https://mculocationscout.com/2020/09/16/st-giles-cathedral-scotland-mcu-location-scout/,MCU Location Scout,"""Wanda fights Proxima Midnight below near the statue of Adam Smith"" - MCU Location Scout"
A3-33,"Corvus Glaive sagt Vision, dass Wanda leben wird, wenn er den Stein abgibt.","St Giles' Cathedral,
High St, Edinburgh EH1 1RE, United Kingdom",An der St Giles' Cathedral,55.94955747048104,-3.1909066950253138,"St Giles' Cathedral,
High St, Edinburgh EH1 1RE, United Kingdom",55.94955747048104,-3.1909066950253138,00:38:55,,Vision/ Corus Glaive,https://www.google.com/maps/d/viewer?mid=1LGydXx6zdu_ZqwjhcmXR1BKf7wo&ll=55.9498168%2C-3.1900408000000136&z=13,Marvel Cinematic Universe: Location Scout,"""The Vision fights Corvus Glaive on and around St. Giles Cathedral"" - MCU Location Scout"
A3-34,Proxima Midnight und Wanda Maximoff kämpfen weiterhin miteinander.,"Adam Smith Statute,
192 Royal Mile, Edinburgh EH1 1RF, United Kingdom",An der St Giles' Cathedral,55.94970323502061,-3.1898979616124827,"Adam Smith Statute,
192 Royal Mile, Edinburgh EH1 1RF, United Kingdom",55.94970323502061,-3.1898979616124827,00:39:03,,Wanda Maximoff/ Proxima Midnight,https://mculocationscout.com/2020/09/16/st-giles-cathedral-scotland-mcu-location-scout/,MCU Location Scout,"""Wanda fights Proxima Midnight below near the statue of Adam Smith"" - MCU Location Scout"
A3-35,Vision und Corvus Glaive kämpfen auf der Kirche weiter. Vision schießt aus dem Stein einen Strahl heraus. Glaive wehrt ihn ab mit seinem Speer. ,"St Giles' Cathedral,
High St, Edinburgh EH1 1RE, United Kingdom",Auf dem Dach der St Giles' Cathedral,55.94955747048104,-3.1909066950253138,"St Giles' Cathedral,
High St, Edinburgh EH1 1RE, United Kingdom",55.94955747048104,-3.1909066950253138,00:39:11,,Vision/ Corus Glaive,https://www.google.com/maps/d/viewer?mid=1LGydXx6zdu_ZqwjhcmXR1BKf7wo&ll=55.9498168%2C-3.1900408000000136&z=13,Marvel Cinematic Universe: Location Scout,"""The Vision fights Corvus Glaive on and around St. Giles Cathedral"" - MCU Location Scout"
A3-36,"Der Strahl von Vision zerteilt ein Auto und es explodiert da, wo Wanda Maximoff und Proxima Midnight miteinander kämpfen.","Adam Smith Statute,
192 Royal Mile, Edinburgh EH1 1RF, United Kingdom",An der St Giles' Cathedral,55.94970323502061,-3.1898979616124827,"Adam Smith Statute,
192 Royal Mile, Edinburgh EH1 1RF, United Kingdom",55.94970323502061,-3.1898979616124827,00:39:21,,Wanda Maximoff/ Proxima Midnight,https://mculocationscout.com/2020/09/16/st-giles-cathedral-scotland-mcu-location-scout/,MCU Location Scout,"""Wanda fights Proxima Midnight below near the statue of Adam Smith"" - MCU Location Scout"
A3-37,Corvus Glaive reflektiert den Strahl von Vision mit seinem Speer und trifft Vision damit. ,"St Giles' Cathedral,
High St, Edinburgh EH1 1RE, United Kingdom",Auf dem Dach der St Giles' Cathedral,55.94955747048104,-3.1909066950253138,"St Giles' Cathedral,
High St, Edinburgh EH1 1RE, United Kingdom",55.94955747048104,-3.1909066950253138,00:39:23,,Vision/ Corus Glaive,https://www.google.com/maps/d/viewer?mid=1LGydXx6zdu_ZqwjhcmXR1BKf7wo&ll=55.9498168%2C-3.1900408000000136&z=13,Marvel Cinematic Universe: Location Scout,"""The Vision fights Corvus Glaive on and around St. Giles Cathedral"" - MCU Location Scout"
A3-38,"Wanda Maximoff hört Vision schreien und schleudert Proxima Midnight in das brennende Auto hinein. Sie fliegt daraufhin zum Dach der Kirche hinauf, um Vision zu helfen.","Adam Smith Statute,
192 Royal Mile, Edinburgh EH1 1RF, United Kingdom",An der St Giles' Cathedral,55.94970323502061,-3.1898979616124827,"Adam Smith Statute,
192 Royal Mile, Edinburgh EH1 1RF, United Kingdom",55.94970323502061,-3.1898979616124827,00:39:26,,Wanda Maximoff/ Proxima Midnight,https://mculocationscout.com/2020/09/16/st-giles-cathedral-scotland-mcu-location-scout/,MCU Location Scout,"""Wanda fights Proxima Midnight below near the statue of Adam Smith"" - MCU Location Scout"
A3-39,"Corvus Glaive versucht gerade Visions Stein aus seiner Stirn zu entfernen, als Wanda auf dem Dach ankommt. Sie schleudert ihn durch ein Fenster in die Kirche hinein.","St Giles' Cathedral,
High St, Edinburgh EH1 1RE, United Kingdom",Auf dem Dach der St Giles' Cathedral,55.94955747048104,-3.1909066950253138,"St Giles' Cathedral,
High St, Edinburgh EH1 1RE, United Kingdom",55.94955747048104,-3.1909066950253138,00:39:33,,Vision/ Corvus Glaive/ Wanda Maximoff,https://www.google.com/maps/d/viewer?mid=1LGydXx6zdu_ZqwjhcmXR1BKf7wo&ll=55.9498168%2C-3.1900408000000136&z=13,Marvel Cinematic Universe: Location Scout,null
A3-40,"Wanda Maximoff und Vision fliegen weg, werden aber  von einem Strahl von Proxima Midnight getroffen. Sie stürzen in den Bahnhof. Captain America, Black Widow und Falcon tauchen auf und verwunden die Aliens, die sich zurückziehen. Die Gruppe fliegt mit dem Jet nach New York.","Waverley Railway Station,
Edinburgh EH1 1BB, United Kingdom",null,55.95193386434913,-3.1895646332899323,"Waverley Railway Station,
Edinburgh EH1 1BB, United Kingdom",55.95193386434913,-3.1895646332899323,00:39:46,2018,Vision/ Wanda Maximoff/ Proxima Midnight/ Corvus Glaive/ Steve Rogers als Captain America/ Sam Wilson als Falcon/ Natascha Romanoff als Black Widow,https://mculocationscout.com/2020/09/16/waverley-railway-station-scotland-mcu-location-scout/,MCU Location Scout,null
A3-41,Rückblende: Gamoras Heimatplanet wird von Thanos und seiner Armee überfallen. Die Hälfte der Bevölkerung wird ausgelöscht. Gamora wird Thanos übergeben. Er schenkt ihr einen Dolch.,"Trilith Studios,
461 Sandy Creek Road
Fayetteville, Georgia 30214","Amerikanisches Film- und Fernsehproduktionsstudio südlich von Atlanta in Fayette County, Georgia. Ehemals Pinewood Atlanta Studios.",33.47312809304286,-84.51253281451417,Heimatplanet von Gamora,null,null,00:42:21,20??,Gamora (als Kind)/ Thanos,null,null,"Keine Gewähr auf Richtigkeit, dass dies in den Trilith Studios gedreht wurde."
A3-42,"Gamora bittet Peter Quill darum, sie zu töten, wenn Thanos sie in die Hände kriegt. Denn sie weiß etwas, was er nicht weiß.","Trilith Studios,
461 Sandy Creek Road
Fayetteville, Georgia 30214","Amerikanisches Film- und Fernsehproduktionsstudio südlich von Atlanta in Fayette County, Georgia. Ehemals Pinewood Atlanta Studios.",33.47312809304286,-84.51253281451417,Die Benatar (Schiff der Gurdians of the Galaxy) im All,null,null,00:44:25,2018,Gamora/ Peter Quill/ Drax/ Mantis,null,null,"Keine Gewähr auf Richtigkeit, dass dies in den Trilith Studios gedreht wurde."
A3-43,"Die Guardians kommen auf Knowhere an und finden Thanos und den Collector vor. Gamora tötet Thanos, aber es stellt sich heraus, dass es nur eine Illusion war, die Thanos mittels des Realitätssteins erschaffen hat. Peter soll nun Gamora töten. Thanos verschwindet mit Gamora.","Trilith Studios,
461 Sandy Creek Road
Fayetteville, Georgia 30214","Amerikanisches Film- und Fernsehproduktionsstudio südlich von Atlanta in Fayette County, Georgia. Ehemals Pinewood Atlanta Studios.",33.47312809304286,-84.51253281451417,Planet Knowhere,null,null,00:47:05,2018,Gamora/ Peter Quill/ Drax/ Mantis/ Thanos/ Tivan,null,null,"Keine Gewähr auf Richtigkeit, dass dies in den Trilith Studios gedreht wurde."
A3-44,Im Avengers HQ kommt ein Jet an.,"Am Hudson River in Staatsburg, New York",Am Hudson River in der Nähe der Penny Ln und des Ogden Mills and Ruth Livingston Mills State Parks,41.860619489927224,-73.93288883680499,Avengers HQ von außen,null,null,00:54:03,2018,null,https://mculocationscout.com/2020/08/09/new-avengers-facility-mcu-location-scout/,MCU Location Scout,null
A3-45,"James Rhodes befindet sich in einem Gespräch mit Secretary Ross, der nach Vision fragt. Steve Rogers, Natasha Romanoff, Sam Wilson, Wanda Maximoff und Vision tauchen auf. Bruce sieht die Gruppe zum ersten Mal nach seinem Verschwinden. Die Gruppe bespricht, was zu tun ist.","Trilith Studios,
461 Sandy Creek Road
Fayetteville, Georgia 30214","Amerikanisches Film- und Fernsehproduktionsstudio südlich von Atlanta in Fayette County, Georgia. Ehemals Pinewood Atlanta Studios.",33.47312809304286,-84.51253281451417,Im Avengers HQ,null,null,00:54:10,,James Rhodes/ Secretary Ross/ Steve Rogers/ Natascha Romanoff/ Vision/ Wanda Maximoff/ Sam Wilson/ Bruce Banner,null,null,"Keine Gewähr auf Richtigkeit, dass dies in den Trilith Studios gedreht wurde."
A3-46,König T'Challa und Okoye bringen Bucky Barnes seinen Metallarm für einen bevorstehenden Kampf.,"Grasfläche zwischen Chattahoochee Fluss und Browns Lake Road, Fairburn, GA 30213",Offene und freie Grasfläche in der Nähe von Bouckaert Farms in Fairburn und des Chattahoochee Flusses.,33.638830945176984,-84.72000146229287,Wakanda,null,null,00:58:32,2018,T'Challa/ Okoye/ Bucky Barnes,https://mculocationscout.com/2020/09/16/battle-plain-wakanda-mcu-location-scout/,MCU Location Scout,null
A3-47,"Dr. Strange wird von Ebony Maw gefoltert. Iron Man schießt ein Loch in das Raumschiff und Maw wird rausgesogen. Iron Man und Dr. Strange einigen sich darauf, den Kampf nicht auf der Erde zu führen, sondern wo Thanos ist. Spider-Man wird zum Avengers gekürt. ","Trilith Studios,
461 Sandy Creek Road
Fayetteville, Georgia 30214","Amerikanisches Film- und Fernsehproduktionsstudio südlich von Atlanta in Fayette County, Georgia. Ehemals Pinewood Atlanta Studios.",33.47312809304286,-84.51253281451417,Donut Raumschiff im All,null,null,00:59:34,2018,Stephen Strange als Dr. Strange/ Ebony Maw/ Tony Stark als Iron Man/ Peter Parker als Spider-Man,null,null,"Keine Gewähr auf Richtigkeit, dass dies in den Trilith Studios gedreht wurde."
A3-48,Thanos foltert Nebula vor Gamoras Augen. Sie kann das nicht ertragen und verrät Thanos den Ort des Seelenstein: Vormir.,"Trilith Studios,
461 Sandy Creek Road
Fayetteville, Georgia 30214","Amerikanisches Film- und Fernsehproduktionsstudio südlich von Atlanta in Fayette County, Georgia. Ehemals Pinewood Atlanta Studios.",33.47312809304286,-84.51253281451417,Thanos Raumschiff im All,null,null,01:05:05,2018,Gamora/ Thanos,null,null,"Keine Gewähr auf Richtigkeit, dass dies in den Trilith Studios gedreht wurde."
A3-49,"Thor, Rocket und Groot sind auf dem Weg nach Nivadellir. Rocket gibt Thor ein Auge. Als sie sich Nivadellir nähern, bemerken sie, dass der Stern dunkel ist.","Trilith Studios,
461 Sandy Creek Road
Fayetteville, Georgia 30214","Amerikanisches Film- und Fernsehproduktionsstudio südlich von Atlanta in Fayette County, Georgia. Ehemals Pinewood Atlanta Studios.",33.47312809304286,-84.51253281451417,Die Benatar (Schiff der Gurdians of the Galaxy) im All,null,null,01:10:51,2018,Rocket/ Groot/ Thor,null,null,"Keine Gewähr auf Richtigkeit, dass dies in den Trilith Studios gedreht wurde."
A3-50,"Thor, Rocket und Groot kommen auf Nivadellir an. Eitri, der Schmied, erzählt, dass er Thanos den Handschuh angefertigt hat, um die Zwerge zu beschützen. Thanos hat dennoch alle getötet.","Trilith Studios,
461 Sandy Creek Road
Fayetteville, Georgia 30214","Amerikanisches Film- und Fernsehproduktionsstudio südlich von Atlanta in Fayette County, Georgia. Ehemals Pinewood Atlanta Studios.",33.47312809304286,-84.51253281451417,Nivadellir,null,null,01:14:54,2018,Rocket/ Groot/ Thor/ Eitri,null,null,"Keine Gewähr auf Richtigkeit, dass dies in den Trilith Studios gedreht wurde."
A3-51,"Nebula schafft es, zu flüchten. Sie schickt eine Nachricht an Mantis, sie auf Titan zu treffen.","Trilith Studios,
461 Sandy Creek Road
Fayetteville, Georgia 30214","Amerikanisches Film- und Fernsehproduktionsstudio südlich von Atlanta in Fayette County, Georgia. Ehemals Pinewood Atlanta Studios.",33.47312809304286,-84.51253281451417,Thanos Raumschiff im All,null,null,01:17:05,2018,Nebula,null,null,"Keine Gewähr auf Richtigkeit, dass dies in den Trilith Studios gedreht wurde."
A3-52,"Dr. Strange, Iron Man und Spider-Man stürzen mit dem Donut Raumschiff auf Titan ab. Sie werden von Peter Quill, Drax und Mantis überrascht. Sie halten sich zunächst für Feinde, merken dann, dass sie alle hinter Thanos her sind. ","Trilith Studios,
461 Sandy Creek Road
Fayetteville, Georgia 30214","Amerikanisches Film- und Fernsehproduktionsstudio südlich von Atlanta in Fayette County, Georgia. Ehemals Pinewood Atlanta Studios.",33.47312809304286,-84.51253281451417,Titan,null,null,01:17:50,2018,Stephen Strange als Dr. Strange/ Tony Stark als Iron Man/ Peter Parker als Spider-Man/ Peter Quill/ Drax/ Mantis,null,null,"Keine Gewähr auf Richtigkeit, dass dies in den Trilith Studios gedreht wurde."
A3-53,"Eitri erklärt, dass sie die Schmiede in Gang setzen müssen.","Trilith Studios,
461 Sandy Creek Road
Fayetteville, Georgia 30214","Amerikanisches Film- und Fernsehproduktionsstudio südlich von Atlanta in Fayette County, Georgia. Ehemals Pinewood Atlanta Studios.",33.47312809304286,-84.51253281451417,Nivadellir,null,null,01:21:02,2018,Thor/ Rocket/ Groot/ Eitri,null,null,"Keine Gewähr auf Richtigkeit, dass dies in den Trilith Studios gedreht wurde."
A3-54,"Während sich die Gruppe auf Titan nicht auf einen Plan einigen können, hat Dr. Strange sich verschiedene Versionen der Zukunft des kommenden Kampfes angeschaut. Nur in einer Zukunft haben sie gewinnen können. ","Trilith Studios,
461 Sandy Creek Road
Fayetteville, Georgia 30214","Amerikanisches Film- und Fernsehproduktionsstudio südlich von Atlanta in Fayette County, Georgia. Ehemals Pinewood Atlanta Studios.",33.47312809304286,-84.51253281451417,Titan,null,null,01:21:52,2018,Peter Quill/ Tony Stark als Iron Man/ Peter Parker als Spider-Man/ Drax/ Mantis/ Stephen Strange als Dr. Strange,null,null,"Keine Gewähr auf Richtigkeit, dass dies in den Trilith Studios gedreht wurde."
A3-55A,"Thanos und Gamora sind auf Vormir. Thanos opfert Gamora, um den Seelenstein zu erhalten. ","Trilith Studios,
461 Sandy Creek Road
Fayetteville, Georgia 30214","Amerikanisches Film- und Fernsehproduktionsstudio südlich von Atlanta in Fayette County, Georgia. Ehemals Pinewood Atlanta Studios.",33.47312809304286,-84.51253281451417,Vormir,null,null,01:24:12,2018,Thanos/ Gamora,https://mculocationscout.com/2020/09/16/vormir-mcu-location-scout/,MCU Location Scout,"Hintergrundbilder wurden in Brasilien gedreht. Keine Gewähr auf Richtigkeit, dass dies in den Trilith Studios gedreht wurde."
A3-55B,"Thanos und Gamora sind auf Vormir. Thanos opfert Gamora, um den Seelenstein zu erhalten. ","Parque Nacional dos Lençóis Maranhenses, Barreirinhas - State of Maranhão, 65590-000, Brazil",Ausgedehntes Dünengebiet und Nationalpark im Norden Brasiliens,-2.491042553910883,-43.10759315836172,Vormir,null,null,01:24:12,2018,Thanos/ Gamora,null,null,Hintergrund
A3-56,Die Avengers treffen in Wakanda ein. T'Challa sichert den Avengers die Unterstützung seiner Armeen und von Bucky Barnes zu. Shuri untersucht Visions Stein. Okoye meldet Eindringlinge in der Erdatmosphäre. Raumschiffe stürzen auf Wakanda ab. ,"Trilith Studios,
461 Sandy Creek Road
Fayetteville, Georgia 30214","Amerikanisches Film- und Fernsehproduktionsstudio südlich von Atlanta in Fayette County, Georgia. Ehemals Pinewood Atlanta Studios.",33.47312809304286,-84.51253281451417,Wakanda,null,null,01:31:06,2018,Steve Rogers/ Natascha Romanoff/ Sam Wilson/ Wanda Maximoff/ Vision/Bruce Banner/ T'Challa/ Okoye/ Shuri,null,null,"Keine Gewähr auf Richtigkeit, dass dies in den Trilith Studios gedreht wurde."
A3-57,"Thor schafft es, den Stern wieder zu erwecken, aber die Mechanik funktioniert noch nicht ganz. ","Trilith Studios,
461 Sandy Creek Road
Fayetteville, Georgia 30214","Amerikanisches Film- und Fernsehproduktionsstudio südlich von Atlanta in Fayette County, Georgia. Ehemals Pinewood Atlanta Studios.",33.47312809304286,-84.51253281451417,Nivadellir,null,null,01:34:39,2018,Thor/ Rocket/ Eitri,null,null,"Keine Gewähr auf Richtigkeit, dass dies in den Trilith Studios gedreht wurde."
A3-58,Die Avengers auf der Erde machen sich bereit zum Kampf gegen die Armee von Thanos. Proxima Midnight und Cull Obsidian schicken eine Armee an Aliens los. T'Challa öffnet die Kuppel und der Kampf beginnt. Shuri operiert währenddessen an Visions Stein. ,"Grasfläche zwischen Chattahoochee Fluss und Browns Lake Road, Fairburn, GA 30213",Offene und freie Grasfläche in der Nähe von Bouckaert Farms in Fairburn und des Chattahoochee Flusses.,33.638830945176984,-84.72000146229287,Wakandas offene Grasfläche,null,null,01:36:49,2018,Natascha Romanoff als Black Widow/ Bruce Banner/Steve Rogers als Captain America/ Okoye/ James Rhodes als War Machine/ Proxima Midnight/ Cull Obsidian/ T'Challa/ Bucky Barnes als Winter Soldier/ Sam Wilson als Falcon,https://mculocationscout.com/2020/09/16/battle-plain-wakanda-mcu-location-scout/,MCU Location Scout,null
A3-59,Die Alien Armee wird vom Raumschiff abgeladen. Sie landen im Wald Wakandas.,"Tallulah Gorge State Park, 
338 Jane Hurt Yarn Rd, Tallulah Falls, GA 30573",null,34.74272405077744,-83.39647325070196,Wakandas Wald,null,null,01:38:46,2018,Thanos Armee (Aliens),https://mculocationscout.com/2020/09/16/forest-waterfall-wakanda-mcu-location-scout/,MCU Location Scout,null
A3-60,"Thor hält die Öffnung zum Stern offen, damit das Metall für seinen Hammer schmilzt. Er bekommt den Strahl des Sterns ab und wird bewusstlos. Um Thor zu retten, muss der Hammer fertiggestellt werden. Eitri findet den Griff nicht. Groot erzeugt einen Griff. ","Trilith Studios,
461 Sandy Creek Road
Fayetteville, Georgia 30214","Amerikanisches Film- und Fernsehproduktionsstudio südlich von Atlanta in Fayette County, Georgia. Ehemals Pinewood Atlanta Studios.",33.47312809304286,-84.51253281451417,Nivadellir,null,null,01:41:58,2018,Thor/ Eitri/ Rocket/ Groot,null,null,"Keine Gewähr auf Richtigkeit, dass dies in den Trilith Studios gedreht wurde."
A3-61,"Der Kampf gegen die Aliens scheint aussichtslos zu sein. Plötzlich erscheinen Thor mit seinem neuen Hammer, Rocket und Groot. Es gibt wieder Hoffnung. ","Grasfläche zwischen Chattahoochee Fluss und Browns Lake Road, Fairburn, GA 30213",Offene und freie Grasfläche in der Nähe von Bouckaert Farms in Fairburn und des Chattahoochee Flusses.,33.638830945176984,-84.72000146229287,Wakandas offene Grasfläche,null,null,01:44:31,2018,Bruce Banner/ Bucky Barnes als Winter Soldier/ T'Challa als Black Panther/ Steve Rogers als Captain America/ James Rhodes als War Machine/ Thor/ Rocket/ Groot,https://mculocationscout.com/2020/09/16/battle-plain-wakanda-mcu-location-scout/,MCU Location Scout,null
A3-62,"Die Gruppe auf Titan nimmt es mit Thanos auf. Mantis bringt Thanos kurzzeitig zum schlafen. Spider-Man und Iron Man schaffen es beinahe, ihm den Handschuh auszuziehen. Als Peter Quill erfährt, dass er Gamora getötet hat, verliert er die Fassung und Thanos erwacht. ","Trilith Studios,
461 Sandy Creek Road
Fayetteville, Georgia 30214","Amerikanisches Film- und Fernsehproduktionsstudio südlich von Atlanta in Fayette County, Georgia. Ehemals Pinewood Atlanta Studios.",33.47312809304286,-84.51253281451417,Titan,null,null,01:45:56,2018,Thanos/ Stephen Strange als Dr. Strange/ Peter Quill/ Peter Parker als Spider-Man/ Drax/ Tony Stark als Iron Man/ Nebula/ Mantis,null,null,"Keine Gewähr auf Richtigkeit, dass dies in den Trilith Studios gedreht wurde."
A3-63,Shuri operiert weiterhin an Vision. ,"Trilith Studios,
461 Sandy Creek Road
Fayetteville, Georgia 30214","Amerikanisches Film- und Fernsehproduktionsstudio südlich von Atlanta in Fayette County, Georgia. Ehemals Pinewood Atlanta Studios.",33.47312809304286,-84.51253281451417,Wakanda,null,null,01:53:02,2018,Vision/ Wanda Maximoff/ Shuri,null,null,"Keine Gewähr auf Richtigkeit, dass dies in den Trilith Studios gedreht wurde."
A3-64,Der Black Panther setzt Cull Obsidian außer Gefecht. Rocket und Winter Soldier machen Bekanntschaft sowie Captain America und Groot.,"Grasfläche zwischen Chattahoochee Fluss und Browns Lake Road, Fairburn, GA 30213",Offene und freie Grasfläche in der Nähe von Bouckaert Farms in Fairburn und des Chattahoochee Flusses.,33.638830945176984,-84.72000146229287,Wakandas offene Grasfläche,null,null,01:53:10,2018,Obsidian Cull/ T'Challa als Black Panther/ Rocket/ Bucky Barnes als Winter Soldier/ Thor/ Steve Rogers als Captain America/ Groot,https://mculocationscout.com/2020/09/16/battle-plain-wakanda-mcu-location-scout/,MCU Location Scout,null
A3-65,"Wanda Maximoff sieht aus dem Fenster und sieht, dass riesige Schaufelräder auftauchen. ","Trilith Studios,
461 Sandy Creek Road
Fayetteville, Georgia 30214","Amerikanisches Film- und Fernsehproduktionsstudio südlich von Atlanta in Fayette County, Georgia. Ehemals Pinewood Atlanta Studios.",33.47312809304286,-84.51253281451417,Wakanda,null,null,01:53:59,2018,Shuri/ Wanda Maximoff/ Vision,null,null,"Keine Gewähr auf Richtigkeit, dass dies in den Trilith Studios gedreht wurde."
A3-66,"Die Schaufelräder schießen aus der Erden. Wanda rettet in letzter Sekunde Okoye und Black Widow, indem sie die Schaufelräder aufhält. Proxima Midnight informiert Corvus Glaive, dass Wanda auf dem Schlachtfeld ist und Vision angreifen kann.","Grasfläche zwischen Chattahoochee Fluss und Browns Lake Road, Fairburn, GA 30213",Offene und freie Grasfläche in der Nähe von Bouckaert Farms in Fairburn und des Chattahoochee Flusses.,33.638830945176984,-84.72000146229287,Wakandas offene Grasfläche,null,null,01:54:15,2018,T'Challa/ Wanda Maximoff/ James Rhodes als War Machine/ Sam Wilson als Falcon/ Natascha Romanoff als Black Widow/ Okoye/ Proxima Midnight,https://mculocationscout.com/2020/09/16/battle-plain-wakanda-mcu-location-scout/,MCU Location Scout,null
A3-67,Corvus Glaive dringt ins Gebäude ein. Shuri muss die Operation abbrechen. Glaive und Vision fallen beide aus dem Fenster. ,"Trilith Studios,
461 Sandy Creek Road
Fayetteville, Georgia 30214","Amerikanisches Film- und Fernsehproduktionsstudio südlich von Atlanta in Fayette County, Georgia. Ehemals Pinewood Atlanta Studios.",33.47312809304286,-84.51253281451417,Wakandas Wald,null,null,01:55:03,2018,Corvus Glaive/ Shuri/ Vision,null,null,"Keine Gewähr auf Richtigkeit, dass dies in den Trilith Studios gedreht wurde."
A3-68,"Der Falcon macht die Avengers auf Vision aufmerksam. Als Wanda Maximoff zu ihm eilen will, wird sie von Proxima Midnight angegriffen. Black Widow und Okoye verteidigen sie.","Grasfläche zwischen Chattahoochee Fluss und Browns Lake Road, Fairburn, GA 30213",Offene und freie Grasfläche in der Nähe von Bouckaert Farms in Fairburn und des Chattahoochee Flusses.,33.638830945176984,-84.72000146229287,Wakandas offene Grasfläche,null,null,01:55:35,2018,Sam Wilson als Falcon/ Steve Rogers als Captain America/ Bruce Banner/ Wanda Maximoff/ Proxima Midnight/ Natascha Romanoff als Black Widow/ Okoye,https://mculocationscout.com/2020/09/16/battle-plain-wakanda-mcu-location-scout/,MCU Location Scout,null
A3-69,Vision und Corvus Glaive landen im Wald. Bruce Banner eilt Vision zu Hilfe. ,"Tallulah Gorge State Park, 
338 Jane Hurt Yarn Rd, Tallulah Falls, GA 30573",null,34.74272405077744,-83.39647325070196,Wakandas Wald,null,null,01:56:11,2018,Vision/ Corvus Glaive/ Cull Obsidian/ Bruce Banner,https://mculocationscout.com/2020/09/16/forest-waterfall-wakanda-mcu-location-scout/,MCU Location Scout,null
A3-70,"Bruce Banner kämpft im Iron Man Anzug gegen Cull Obsidian. Er versucht, sich vergeblich in den Hulk zu verwandeln. Bruce befördert Cull Obsidian in den Himmel, wo er gegen die Kuppel stößt und explodiert.","Hurricane Falls,
Tallulah Falls, GA 30573",Der Wasserfall befindet sich in der Nähe des Tallulah Gorge Rim Trail,34.73861367433967,-83.39103930953331,Wakandas Wald an einem Wasserfall,null,null,01:56:28,2018,Bruce Banner/ Cull Obsidian,https://mculocationscout.com/2020/09/16/forest-waterfall-wakanda-mcu-location-scout/,MCU Location Scout,null
A3-71,Proxima Midnight kämpft weiterhin gegen Okoye und Black Widow.,"Grasfläche zwischen Chattahoochee Fluss und Browns Lake Road, Fairburn, GA 30213",Offene und freie Grasfläche in der Nähe von Bouckaert Farms in Fairburn und des Chattahoochee Flusses.,33.638830945176984,-84.72000146229287,Wakandas offene Grasfläche,null,null,01:57:28,2018,Okoye/ Natascha Romanoff als Black Widow/ Proxima Midnight,https://mculocationscout.com/2020/09/16/battle-plain-wakanda-mcu-location-scout/,MCU Location Scout,null
A3-72,"Vision wird von Corvus Glaive in den Bauch gestochen. Captain America erscheint und befiehlt Vision, zu verschwinden.","Tallulah Gorge State Park, 
338 Jane Hurt Yarn Rd, Tallulah Falls, GA 30573",null,34.74272405077744,-83.39647325070196,Wakandas Wald,null,null,01:57:37,2018,Vision/ Corvus Glaive/ Steve Rogers als Captain America,https://mculocationscout.com/2020/09/16/forest-waterfall-wakanda-mcu-location-scout/,MCU Location Scout,null
A3-73,Proxima Midnight führt in dem Kampf gegen Black Widow. Wanda befördert Midnight mit ihren Kräften gegen ein vorbeirollendes Schaufelrad und wird zermalmt.,"Grasfläche zwischen Chattahoochee Fluss und Browns Lake Road, Fairburn, GA 30213",Offene und freie Grasfläche in der Nähe von Bouckaert Farms in Fairburn und des Chattahoochee Flusses.,33.638830945176984,-84.72000146229287,Wakandas offene Grasfläche,null,null,01:57:59,2018,Natascha Romanoff als Black Widow/ Proxima Midnight/ Wanda Maximoff/ Okoye,https://mculocationscout.com/2020/09/16/battle-plain-wakanda-mcu-location-scout/,MCU Location Scout,null
A3-74,"Corvus Glaive droht Captain America zu ersticken, als Vision mit seiner letzten Kraft Glaive von hinten aufspießt. ","Tallulah Gorge State Park, 
338 Jane Hurt Yarn Rd, Tallulah Falls, GA 30573",null,34.74272405077744,-83.39647325070196,Wakandas Wald,null,null,01:58:19,2018,Vision/ Corvus Glaive/ Steve Rogers als Captain America,https://mculocationscout.com/2020/09/16/forest-waterfall-wakanda-mcu-location-scout/,MCU Location Scout,null
A3-75,"Dr. Strange und Thanos liefern sich ein Gefecht. Iron Man nimmt es mit Thanos auf. Tony wird von ihm mit einem Dolch in den Leib gestochen. Thanos ist gerade dabei Tony zu töten, als Dr. Strange anbietet, ihm den Stein zu geben, wenn er Tony verschont.","Trilith Studios,
461 Sandy Creek Road
Fayetteville, Georgia 30214","Amerikanisches Film- und Fernsehproduktionsstudio südlich von Atlanta in Fayette County, Georgia. Ehemals Pinewood Atlanta Studios.",33.47312809304286,-84.51253281451417,Titan,null,null,01:58:51,2018,Peter Parker als Spider-Man/ Mantis/ Drax/ Thanos/ Stephen Strange als Dr. Strange/ Tony Stark als Iron Man/ Peter Quill,null,null,"Keine Gewähr auf Richtigkeit, dass dies in den Trilith Studios gedreht wurde."
A3-76,Thor zerstört einen Raumschiff.,"Grasfläche zwischen Chattahoochee Fluss und Browns Lake Road, Fairburn, GA 30213",Offene und freie Grasfläche in der Nähe von Bouckaert Farms in Fairburn und des Chattahoochee Flusses.,33.638830945176984,-84.72000146229287,Wakandas offene Grasfläche,null,null,02:03:56,2018,Thor,https://mculocationscout.com/2020/09/16/battle-plain-wakanda-mcu-location-scout/,MCU Location Scout,null
A3-77,"Thanos kommt auf die Erde. Die Avengers auf der Erde können es nicht mit ihm aufnehmen. Wanda zerstört den Stein. Thanos manipuliert die Zeit und nimmt den Stein an sich. Zuletzt fliegt Thor daher und schleudert seinen Hammer in Thanos Brust. Thanos schafft es aber noch, mit dem Finger zu schnippen.","Tallulah Gorge State Park, 
338 Jane Hurt Yarn Rd, Tallulah Falls, GA 30573",null,34.74272405077744,-83.39647325070196,Wakandas Wald,null,null,02:04:17,2018,Wanda Maximoff/ Vision/ Steve Rogers als Captain America/ Sam Wilson als Falcon/ Natascha Romanoff als Black Widow/ T'Challa/ Okoye/ Bruce Banner/ Thanos,https://mculocationscout.com/2020/09/16/forest-waterfall-wakanda-mcu-location-scout/,MCU Location Scout,null
A3-78,"In einem Traum (?) fragt Gamora als Kind, ob Thanos es geschafft hat.","Trilith Studios,
461 Sandy Creek Road
Fayetteville, Georgia 30214","Amerikanisches Film- und Fernsehproduktionsstudio südlich von Atlanta in Fayette County, Georgia. Ehemals Pinewood Atlanta Studios.",33.47312809304286,-84.51253281451417,null,null,null,02:11:11,2018,Thanos/ Gamora (als Kind),null,null,"Keine Gewähr auf Richtigkeit, dass dies in den Trilith Studios gedreht wurde."
A3-79,"Thanos verschwindet. Bucky Barnes beginnt, sich aufzulösen.","Tallulah Gorge State Park, 
338 Jane Hurt Yarn Rd, Tallulah Falls, GA 30573",null,34.74272405077744,-83.39647325070196,Wakandas Wald,null,null,02:12:19,2018,Thor/ Thanos/ Steve Rogers als Captain America/ Bucky Barnes als Winter Soldier,https://mculocationscout.com/2020/09/16/forest-waterfall-wakanda-mcu-location-scout/,MCU Location Scout,null
A3-80,"Auf der offenen Landschaft, wo die Krieger sind, lösen sich einige zu Staub auf.","Grasfläche zwischen Chattahoochee Fluss und Browns Lake Road, Fairburn, GA 30213",Offene und freie Grasfläche in der Nähe von Bouckaert Farms in Fairburn und des Chattahoochee Flusses.,33.638830945176984,-84.72000146229287,Wakandas offene Grasfläche,null,null,02:13:12,2018,Krieger von Wakanda,https://mculocationscout.com/2020/09/16/battle-plain-wakanda-mcu-location-scout/,MCU Location Scout,null
A3-81,"T'Challa, Groot, Wanda und Falcon lösen sich auf. ","Tallulah Gorge State Park, 
338 Jane Hurt Yarn Rd, Tallulah Falls, GA 30573",null,34.74272405077744,-83.39647325070196,Wakandas Wald,null,null,02:13:25,2018,T'Challa/ Okoye/ Rocket/ Groot/ Sam Wilson/ James Rhodes,https://mculocationscout.com/2020/09/16/forest-waterfall-wakanda-mcu-location-scout/,MCU Location Scout,null
A3-82,"Mantis, Drax, Peter Quill, Peter Parker und Dr. Strange lösen sich zu Staub auf. ","Trilith Studios,
461 Sandy Creek Road
Fayetteville, Georgia 30214","Amerikanisches Film- und Fernsehproduktionsstudio südlich von Atlanta in Fayette County, Georgia. Ehemals Pinewood Atlanta Studios.",33.47312809304286,-84.51253281451417,Titan,null,null,02:14:16,2018,Nebula/ Drax/ Tony Stark/ Peter Quill/ Peter Parker/ Mantis/ Stephen Strange als Dr. Strange,null,null,"Keine Gewähr auf Richtigkeit, dass dies in den Trilith Studios gedreht wurde."
A3-83,Captain America findet Vision tot auf. ,"Tallulah Gorge State Park, 
338 Jane Hurt Yarn Rd, Tallulah Falls, GA 30573",null,34.74272405077744,-83.39647325070196,Wakandas Wald,null,null,02:16:03,2018,Steve Rogers/ Bruce Banner/ Natascha Romanoff/ Thor/ James Rhodes/ Rocket,https://mculocationscout.com/2020/09/16/forest-waterfall-wakanda-mcu-location-scout/,MCU Location Scout,null
A3-84A,Thanos ist ein einer Hütte auf dem Planet 0259-S. ,"Trilith Studios,
461 Sandy Creek Road
Fayetteville, Georgia 30214","Amerikanisches Film- und Fernsehproduktionsstudio südlich von Atlanta in Fayette County, Georgia. Ehemals Pinewood Atlanta Studios.",33.47312809304286,-84.51253281451417,"Planet 0259-S, Thanos Farm",null,null,02:16:39,2018,Thanos,https://mculocationscout.com/2020/09/16/thanos-farm-the-garden-mcu-location-scout/,MCU Location Scout,Hintergrundbilder wurden auf den Phillipinen gedreht.
A3-84B,Thanos ist ein einer Hütte auf dem Planet 0259-S. ,"Banaue Rice Terraves Main Viewdeck,
Nueva Vizcaya - Ifugao - Mountain Province Rd, Banaue, Ifugao, Philippines",null,16.924233634073154,121.05576527424648,"Planet 0259-S, Thanos Farm",null,null,02:16:39,2018,Thanos,https://mculocationscout.com/2020/09/16/thanos-farm-the-garden-mcu-location-scout/,MCU Location Scout,Hintergrundbild
A3-85,"Nick Fury und Maria Hill sitzen gerade im Auto, als Hill Aktivitäten in Wakanda meldet. Sie lösen sich beide zu Staub auf. ","100 Forsyth St NW,
Atlanta, GA 30303",null,33.75717190411373,-84.38877503892076,"100 Forsyth St NW,
Atlanta, GA 30303",33.75717190411373,-84.38877503892076,02:27:38,2018,Nick Fury/ Maria Hill,https://mculocationscout.com/2020/09/16/street-atlanta-mcu-location-scout/,MCU Location Scout,null